"filename", "language", "C++", "Markdown", "Python", "Makefile", "F#", "C", "Batch", "CMake", "Shell Script", "comment", "blank", "total"
"d:\Learning\CG\project\ZeldaDemo\Makefile", "Makefile", 0, 0, 0, 38, 0, 0, 0, 0, 0, 38, 21, 97
"d:\Learning\CG\project\ZeldaDemo\README.md", "Markdown", 0, 47, 0, 0, 0, 0, 0, 0, 0, 0, 2, 49
"d:\Learning\CG\project\ZeldaDemo\include\Camera.h", "C++", 60, 0, 0, 0, 0, 0, 0, 0, 0, 18, 12, 90
"d:\Learning\CG\project\ZeldaDemo\include\Def.h", "C++", 52, 0, 0, 0, 0, 0, 0, 0, 0, 7, 13, 72
"d:\Learning\CG\project\ZeldaDemo\include\ExplosionEffect.h", "C++", 29, 0, 0, 0, 0, 0, 0, 0, 0, 2, 5, 36
"d:\Learning\CG\project\ZeldaDemo\include\FrameBuffer.h", "C++", 30, 0, 0, 0, 0, 0, 0, 0, 0, 16, 12, 58
"d:\Learning\CG\project\ZeldaDemo\include\GLFW\glfw3.h", "C++", 654, 0, 0, 0, 0, 0, 0, 0, 0, 5627, 267, 6548
"d:\Learning\CG\project\ZeldaDemo\include\GLFW\glfw3native.h", "C++", 97, 0, 0, 0, 0, 0, 0, 0, 0, 522, 45, 664
"d:\Learning\CG\project\ZeldaDemo\include\GameWindow.h", "C++", 26, 0, 0, 0, 0, 0, 0, 0, 0, 7, 9, 42
"d:\Learning\CG\project\ZeldaDemo\include\KHR\khrplatform.h", "C++", 117, 0, 0, 0, 0, 0, 0, 0, 0, 165, 30, 312
"d:\Learning\CG\project\ZeldaDemo\include\Light.h", "C++", 36, 0, 0, 0, 0, 0, 0, 0, 0, 12, 10, 58
"d:\Learning\CG\project\ZeldaDemo\include\Mesh.h", "C++", 47, 0, 0, 0, 0, 0, 0, 0, 0, 5, 12, 64
"d:\Learning\CG\project\ZeldaDemo\include\Model.h", "C++", 20, 0, 0, 0, 0, 0, 0, 0, 0, 7, 11, 38
"d:\Learning\CG\project\ZeldaDemo\include\MyTexture.h", "C++", 75, 0, 0, 0, 0, 0, 0, 0, 0, 12, 21, 108
"d:\Learning\CG\project\ZeldaDemo\include\Objects.h", "C++", 156, 0, 0, 0, 0, 0, 0, 0, 0, 5, 15, 176
"d:\Learning\CG\project\ZeldaDemo\include\Player.h", "C++", 118, 0, 0, 0, 0, 0, 0, 0, 0, 8, 9, 135
"d:\Learning\CG\project\ZeldaDemo\include\Shader.h", "C++", 34, 0, 0, 0, 0, 0, 0, 0, 0, 9, 8, 51
"d:\Learning\CG\project\ZeldaDemo\include\Skybox.h", "C++", 73, 0, 0, 0, 0, 0, 0, 0, 0, 6, 11, 90
"d:\Learning\CG\project\ZeldaDemo\include\Terrain.h", "C++", 29, 0, 0, 0, 0, 0, 0, 0, 0, 22, 12, 63
"d:\Learning\CG\project\ZeldaDemo\include\Water.h", "C++", 40, 0, 0, 0, 0, 0, 0, 0, 0, 6, 13, 59
"d:\Learning\CG\project\ZeldaDemo\include\assimp\AssertHandler.h", "C++", 11, 0, 0, 0, 0, 0, 0, 0, 0, 58, 11, 80
"d:\Learning\CG\project\ZeldaDemo\include\assimp\Base64.hpp", "C++", 18, 0, 0, 0, 0, 0, 0, 0, 0, 62, 13, 93
"d:\Learning\CG\project\ZeldaDemo\include\assimp\BaseImporter.h", "C++", 128, 0, 0, 0, 0, 0, 0, 0, 0, 245, 39, 412
"d:\Learning\CG\project\ZeldaDemo\include\assimp\Bitmap.h", "C++", 62, 0, 0, 0, 0, 0, 0, 0, 0, 55, 17, 134
"d:\Learning\CG\project\ZeldaDemo\include\assimp\BlobIOSystem.h", "C++", 179, 0, 0, 0, 0, 0, 0, 0, 0, 87, 58, 324
"d:\Learning\CG\project\ZeldaDemo\include\assimp\ByteSwapper.h", "C++", 173, 0, 0, 0, 0, 0, 0, 0, 0, 81, 37, 291
"d:\Learning\CG\project\ZeldaDemo\include\assimp\ColladaMetaData.h", "C++", 9, 0, 0, 0, 0, 0, 0, 0, 0, 43, 5, 57
"d:\Learning\CG\project\ZeldaDemo\include\assimp\Compiler\poppack1.h", "C++", 8, 0, 0, 0, 0, 0, 0, 0, 0, 10, 5, 23
"d:\Learning\CG\project\ZeldaDemo\include\assimp\Compiler\pstdint.h", "C++", 597, 0, 0, 0, 0, 0, 0, 0, 0, 259, 57, 913
"d:\Learning\CG\project\ZeldaDemo\include\assimp\Compiler\pushpack1.h", "C++", 19, 0, 0, 0, 0, 0, 0, 0, 0, 18, 7, 44
"d:\Learning\CG\project\ZeldaDemo\include\assimp\CreateAnimMesh.h", "C++", 16, 0, 0, 0, 0, 0, 0, 0, 0, 53, 9, 78
"d:\Learning\CG\project\ZeldaDemo\include\assimp\DefaultIOStream.h", "C++", 47, 0, 0, 0, 0, 0, 0, 0, 0, 72, 21, 140
"d:\Learning\CG\project\ZeldaDemo\include\assimp\DefaultIOSystem.h", "C++", 21, 0, 0, 0, 0, 0, 0, 0, 0, 64, 15, 100
"d:\Learning\CG\project\ZeldaDemo\include\assimp\DefaultLogger.hpp", "C++", 49, 0, 0, 0, 0, 0, 0, 0, 0, 115, 30, 194
"d:\Learning\CG\project\ZeldaDemo\include\assimp\Exceptional.h", "C++", 92, 0, 0, 0, 0, 0, 0, 0, 0, 71, 20, 183
"d:\Learning\CG\project\ZeldaDemo\include\assimp\Exporter.hpp", "C++", 117, 0, 0, 0, 0, 0, 0, 0, 0, 331, 62, 510
"d:\Learning\CG\project\ZeldaDemo\include\assimp\GenericProperty.h", "C++", 70, 0, 0, 0, 0, 0, 0, 0, 0, 46, 18, 134
"d:\Learning\CG\project\ZeldaDemo\include\assimp\GltfMaterial.h", "C++", 22, 0, 0, 0, 0, 0, 0, 0, 0, 44, 9, 75
"d:\Learning\CG\project\ZeldaDemo\include\assimp\Hash.h", "C++", 56, 0, 0, 0, 0, 0, 0, 0, 0, 55, 13, 124
"d:\Learning\CG\project\ZeldaDemo\include\assimp\IOStream.hpp", "C++", 35, 0, 0, 0, 0, 0, 0, 0, 0, 81, 16, 132
"d:\Learning\CG\project\ZeldaDemo\include\assimp\IOStreamBuffer.h", "C++", 218, 0, 0, 0, 0, 0, 0, 0, 0, 77, 55, 350
"d:\Learning\CG\project\ZeldaDemo\include\assimp\IOSystem.hpp", "C++", 108, 0, 0, 0, 0, 0, 0, 0, 0, 179, 47, 334
"d:\Learning\CG\project\ZeldaDemo\include\assimp\Importer.hpp", "C++", 113, 0, 0, 0, 0, 0, 0, 0, 0, 503, 68, 684
"d:\Learning\CG\project\ZeldaDemo\include\assimp\LineSplitter.h", "C++", 146, 0, 0, 0, 0, 0, 0, 0, 0, 87, 46, 279
"d:\Learning\CG\project\ZeldaDemo\include\assimp\LogAux.h", "C++", 53, 0, 0, 0, 0, 0, 0, 0, 0, 51, 14, 118
"d:\Learning\CG\project\ZeldaDemo\include\assimp\LogStream.hpp", "C++", 27, 0, 0, 0, 0, 0, 0, 0, 0, 67, 15, 109
"d:\Learning\CG\project\ZeldaDemo\include\assimp\Logger.hpp", "C++", 101, 0, 0, 0, 0, 0, 0, 0, 0, 158, 45, 304
"d:\Learning\CG\project\ZeldaDemo\include\assimp\MathFunctions.h", "C++", 39, 0, 0, 0, 0, 0, 0, 0, 0, 56, 11, 106
"d:\Learning\CG\project\ZeldaDemo\include\assimp\MemoryIOWrapper.h", "C++", 136, 0, 0, 0, 0, 0, 0, 0, 0, 68, 36, 240
"d:\Learning\CG\project\ZeldaDemo\include\assimp\NullLogger.hpp", "C++", 38, 0, 0, 0, 0, 0, 0, 0, 0, 56, 16, 110
"d:\Learning\CG\project\ZeldaDemo\include\assimp\ObjMaterial.h", "C++", 14, 0, 0, 0, 0, 0, 0, 0, 0, 55, 16, 85
"d:\Learning\CG\project\ZeldaDemo\include\assimp\ParsingUtils.h", "C++", 148, 0, 0, 0, 0, 0, 0, 0, 0, 86, 38, 272
"d:\Learning\CG\project\ZeldaDemo\include\assimp\Profiler.h", "C++", 35, 0, 0, 0, 0, 0, 0, 0, 0, 50, 17, 102
"d:\Learning\CG\project\ZeldaDemo\include\assimp\ProgressHandler.hpp", "C++", 33, 0, 0, 0, 0, 0, 0, 0, 0, 99, 15, 147
"d:\Learning\CG\project\ZeldaDemo\include\assimp\RemoveComments.h", "C++", 19, 0, 0, 0, 0, 0, 0, 0, 0, 65, 10, 94
"d:\Learning\CG\project\ZeldaDemo\include\assimp\SGSpatialSort.h", "C++", 48, 0, 0, 0, 0, 0, 0, 0, 0, 86, 19, 153
"d:\Learning\CG\project\ZeldaDemo\include\assimp\SceneCombiner.h", "C++", 129, 0, 0, 0, 0, 0, 0, 0, 0, 208, 49, 386
"d:\Learning\CG\project\ZeldaDemo\include\assimp\SkeletonMeshBuilder.h", "C++", 37, 0, 0, 0, 0, 0, 0, 0, 0, 74, 18, 129
"d:\Learning\CG\project\ZeldaDemo\include\assimp\SmallVector.h", "C++", 74, 0, 0, 0, 0, 0, 0, 0, 0, 66, 25, 165
"d:\Learning\CG\project\ZeldaDemo\include\assimp\SmoothingGroups.h", "C++", 33, 0, 0, 0, 0, 0, 0, 0, 0, 65, 17, 115
"d:\Learning\CG\project\ZeldaDemo\include\assimp\SmoothingGroups.inl", "C++", 78, 0, 0, 0, 0, 0, 0, 0, 0, 46, 18, 142
"d:\Learning\CG\project\ZeldaDemo\include\assimp\SpatialSort.h", "C++", 53, 0, 0, 0, 0, 0, 0, 0, 0, 114, 24, 191
"d:\Learning\CG\project\ZeldaDemo\include\assimp\StandardShapes.h", "C++", 45, 0, 0, 0, 0, 0, 0, 0, 0, 131, 31, 207
"d:\Learning\CG\project\ZeldaDemo\include\assimp\StreamReader.h", "C++", 167, 0, 0, 0, 0, 0, 0, 0, 0, 132, 46, 345
"d:\Learning\CG\project\ZeldaDemo\include\assimp\StreamWriter.h", "C++", 146, 0, 0, 0, 0, 0, 0, 0, 0, 114, 45, 305
"d:\Learning\CG\project\ZeldaDemo\include\assimp\StringComparison.h", "C++", 91, 0, 0, 0, 0, 0, 0, 0, 0, 105, 29, 225
"d:\Learning\CG\project\ZeldaDemo\include\assimp\StringUtils.h", "C++", 130, 0, 0, 0, 0, 0, 0, 0, 0, 128, 32, 290
"d:\Learning\CG\project\ZeldaDemo\include\assimp\Subdivision.h", "C++", 29, 0, 0, 0, 0, 0, 0, 0, 0, 85, 18, 132
"d:\Learning\CG\project\ZeldaDemo\include\assimp\TinyFormatter.h", "C++", 82, 0, 0, 0, 0, 0, 0, 0, 0, 74, 26, 182
"d:\Learning\CG\project\ZeldaDemo\include\assimp\Vertex.h", "C++", 175, 0, 0, 0, 0, 0, 0, 0, 0, 76, 46, 297
"d:\Learning\CG\project\ZeldaDemo\include\assimp\XMLTools.h", "C++", 39, 0, 0, 0, 0, 0, 0, 0, 0, 43, 7, 89
"d:\Learning\CG\project\ZeldaDemo\include\assimp\XmlParser.h", "C++", 321, 0, 0, 0, 0, 0, 0, 0, 0, 160, 102, 583
"d:\Learning\CG\project\ZeldaDemo\include\assimp\ZipArchiveIOSystem.h", "C++", 30, 0, 0, 0, 0, 0, 0, 0, 0, 50, 14, 94
"d:\Learning\CG\project\ZeldaDemo\include\assimp\aabb.h", "C++", 17, 0, 0, 0, 0, 0, 0, 0, 0, 49, 10, 76
"d:\Learning\CG\project\ZeldaDemo\include\assimp\ai_assert.h", "C++", 17, 0, 0, 0, 0, 0, 0, 0, 0, 48, 10, 75
"d:\Learning\CG\project\ZeldaDemo\include\assimp\anim.h", "C++", 263, 0, 0, 0, 0, 0, 0, 0, 0, 201, 95, 559
"d:\Learning\CG\project\ZeldaDemo\include\assimp\camera.h", "C++", 57, 0, 0, 0, 0, 0, 0, 0, 0, 152, 26, 235
"d:\Learning\CG\project\ZeldaDemo\include\assimp\cexport.h", "C++", 59, 0, 0, 0, 0, 0, 0, 0, 0, 187, 28, 274
"d:\Learning\CG\project\ZeldaDemo\include\assimp\cfileio.h", "C++", 39, 0, 0, 0, 0, 0, 0, 0, 0, 83, 20, 142
"d:\Learning\CG\project\ZeldaDemo\include\assimp\cimport.h", "C++", 330, 0, 0, 0, 0, 0, 0, 0, 0, 790, 116, 1236
"d:\Learning\CG\project\ZeldaDemo\include\assimp\color4.h", "C++", 35, 0, 0, 0, 0, 0, 0, 0, 0, 52, 15, 102
"d:\Learning\CG\project\ZeldaDemo\include\assimp\color4.inl", "C++", 172, 0, 0, 0, 0, 0, 0, 0, 0, 66, 12, 250
"d:\Learning\CG\project\ZeldaDemo\include\assimp\commonMetaData.h", "C++", 11, 0, 0, 0, 0, 0, 0, 0, 0, 51, 8, 70
"d:\Learning\CG\project\ZeldaDemo\include\assimp\config.h", "C++", 221, 0, 0, 0, 0, 0, 0, 0, 0, 819, 129, 1169
"d:\Learning\CG\project\ZeldaDemo\include\assimp\defs.h", "C++", 159, 0, 0, 0, 0, 0, 0, 0, 0, 153, 34, 346
"d:\Learning\CG\project\ZeldaDemo\include\assimp\fast_atof.h", "C++", 253, 0, 0, 0, 0, 0, 0, 0, 0, 68, 58, 379
"d:\Learning\CG\project\ZeldaDemo\include\assimp\importerdesc.h", "C++", 34, 0, 0, 0, 0, 0, 0, 0, 0, 100, 21, 155
"d:\Learning\CG\project\ZeldaDemo\include\assimp\light.h", "C++", 53, 0, 0, 0, 0, 0, 0, 0, 0, 174, 32, 259
"d:\Learning\CG\project\ZeldaDemo\include\assimp\material.h", "C++", 636, 0, 0, 0, 0, 0, 0, 0, 0, 787, 274, 1697
"d:\Learning\CG\project\ZeldaDemo\include\assimp\material.inl", "C++", 280, 0, 0, 0, 0, 0, 0, 0, 0, 87, 40, 407
"d:\Learning\CG\project\ZeldaDemo\include\assimp\matrix3x3.h", "C++", 57, 0, 0, 0, 0, 0, 0, 0, 0, 96, 26, 179
"d:\Learning\CG\project\ZeldaDemo\include\assimp\matrix3x3.inl", "C++", 244, 0, 0, 0, 0, 0, 0, 0, 0, 78, 38, 360
"d:\Learning\CG\project\ZeldaDemo\include\assimp\matrix4x4.h", "C++", 72, 0, 0, 0, 0, 0, 0, 0, 0, 170, 40, 282
"d:\Learning\CG\project\ZeldaDemo\include\assimp\matrix4x4.inl", "C++", 467, 0, 0, 0, 0, 0, 0, 0, 0, 133, 75, 675
"d:\Learning\CG\project\ZeldaDemo\include\assimp\mesh.h", "C++", 459, 0, 0, 0, 0, 0, 0, 0, 0, 560, 156, 1175
"d:\Learning\CG\project\ZeldaDemo\include\assimp\metadata.h", "C++", 401, 0, 0, 0, 0, 0, 0, 0, 0, 107, 64, 572
"d:\Learning\CG\project\ZeldaDemo\include\assimp\pbrmaterial.h", "C++", 31, 0, 0, 0, 0, 0, 0, 0, 0, 47, 12, 90
"d:\Learning\CG\project\ZeldaDemo\include\assimp\port\AndroidJNI\AndroidJNIIOSystem.h", "C++", 23, 0, 0, 0, 0, 0, 0, 0, 0, 51, 15, 89
"d:\Learning\CG\project\ZeldaDemo\include\assimp\port\AndroidJNI\BundledAssetIOSystem.h", "C++", 32, 0, 0, 0, 0, 0, 0, 0, 0, 41, 21, 94
"d:\Learning\CG\project\ZeldaDemo\include\assimp\postprocess.h", "C++", 82, 0, 0, 0, 0, 0, 0, 0, 0, 574, 54, 710
"d:\Learning\CG\project\ZeldaDemo\include\assimp\qnan.h", "C++", 57, 0, 0, 0, 0, 0, 0, 0, 0, 90, 16, 163
"d:\Learning\CG\project\ZeldaDemo\include\assimp\quaternion.h", "C++", 41, 0, 0, 0, 0, 0, 0, 0, 0, 77, 26, 144
"d:\Learning\CG\project\ZeldaDemo\include\assimp\quaternion.inl", "C++", 203, 0, 0, 0, 0, 0, 0, 0, 0, 80, 29, 312
"d:\Learning\CG\project\ZeldaDemo\include\assimp\revision.h", "C++", 23, 0, 0, 0, 0, 0, 0, 0, 0, 0, 7, 30
"d:\Learning\CG\project\ZeldaDemo\include\assimp\scene.h", "C++", 143, 0, 0, 0, 0, 0, 0, 0, 0, 252, 64, 459
"d:\Learning\CG\project\ZeldaDemo\include\assimp\texture.h", "C++", 64, 0, 0, 0, 0, 0, 0, 0, 0, 130, 29, 223
"d:\Learning\CG\project\ZeldaDemo\include\assimp\types.h", "C++", 274, 0, 0, 0, 0, 0, 0, 0, 0, 193, 91, 558
"d:\Learning\CG\project\ZeldaDemo\include\assimp\vector2.h", "C++", 45, 0, 0, 0, 0, 0, 0, 0, 0, 46, 19, 110
"d:\Learning\CG\project\ZeldaDemo\include\assimp\vector2.inl", "C++", 142, 0, 0, 0, 0, 0, 0, 0, 0, 76, 31, 249
"d:\Learning\CG\project\ZeldaDemo\include\assimp\vector3.h", "C++", 55, 0, 0, 0, 0, 0, 0, 0, 0, 79, 36, 170
"d:\Learning\CG\project\ZeldaDemo\include\assimp\vector3.inl", "C++", 187, 0, 0, 0, 0, 0, 0, 0, 0, 85, 13, 285
"d:\Learning\CG\project\ZeldaDemo\include\assimp\version.h", "C++", 24, 0, 0, 0, 0, 0, 0, 0, 0, 83, 16, 123
"d:\Learning\CG\project\ZeldaDemo\include\geometry\BoxGeometry.h", "C++", 107, 0, 0, 0, 0, 0, 0, 0, 0, 20, 33, 160
"d:\Learning\CG\project\ZeldaDemo\include\geometry\BufferGeometry.h", "C++", 61, 0, 0, 0, 0, 0, 0, 0, 0, 13, 20, 94
"d:\Learning\CG\project\ZeldaDemo\include\geometry\PlaneGeometry.h", "C++", 42, 0, 0, 0, 0, 0, 0, 0, 0, 2, 13, 57
"d:\Learning\CG\project\ZeldaDemo\include\geometry\SphereGeometry.h", "C++", 59, 0, 0, 0, 0, 0, 0, 0, 0, 5, 22, 86
"d:\Learning\CG\project\ZeldaDemo\include\geometry\SwordQiGeometry.h", "C++", 68, 0, 0, 0, 0, 0, 0, 0, 0, 5, 29, 102
"d:\Learning\CG\project\ZeldaDemo\include\glad\glad.h", "C++", 3658, 0, 0, 0, 0, 0, 0, 0, 0, 20, 17, 3695
"d:\Learning\CG\project\ZeldaDemo\include\glm\CMakeLists.txt", "CMake", 0, 0, 0, 0, 0, 0, 0, 60, 0, 0, 10, 70
"d:\Learning\CG\project\ZeldaDemo\include\glm\common.hpp", "C++", 97, 0, 0, 0, 0, 0, 0, 0, 0, 389, 54, 540
"d:\Learning\CG\project\ZeldaDemo\include\glm\detail\_features.hpp", "C++", 110, 0, 0, 0, 0, 0, 0, 0, 0, 185, 100, 395
"d:\Learning\CG\project\ZeldaDemo\include\glm\detail\_fixes.hpp", "C++", 16, 0, 0, 0, 0, 0, 0, 0, 0, 5, 7, 28
"d:\Learning\CG\project\ZeldaDemo\include\glm\detail\_noise.hpp", "C++", 67, 0, 0, 0, 0, 0, 0, 0, 0, 0, 15, 82
"d:\Learning\CG\project\ZeldaDemo\include\glm\detail\_swizzle.hpp", "C++", 704, 0, 0, 0, 0, 0, 0, 0, 0, 55, 46, 805
"d:\Learning\CG\project\ZeldaDemo\include\glm\detail\_swizzle_func.hpp", "C++", 648, 0, 0, 0, 0, 0, 0, 0, 0, 0, 35, 683
"d:\Learning\CG\project\ZeldaDemo\include\glm\detail\_vectorize.hpp", "C++", 142, 0, 0, 0, 0, 0, 0, 0, 0, 0, 21, 163
"d:\Learning\CG\project\ZeldaDemo\include\glm\detail\compute_common.hpp", "C++", 43, 0, 0, 0, 0, 0, 0, 0, 0, 1, 7, 51
"d:\Learning\CG\project\ZeldaDemo\include\glm\detail\compute_vector_decl.hpp", "C++", 161, 0, 0, 0, 0, 0, 0, 0, 0, 0, 30, 191
"d:\Learning\CG\project\ZeldaDemo\include\glm\detail\compute_vector_relational.hpp", "C++", 16, 0, 0, 0, 0, 0, 0, 0, 0, 12, 3, 31
"d:\Learning\CG\project\ZeldaDemo\include\glm\detail\func_common.inl", "C++", 638, 0, 0, 0, 0, 0, 0, 0, 0, 43, 112, 793
"d:\Learning\CG\project\ZeldaDemo\include\glm\detail\func_common_simd.inl", "C++", 195, 0, 0, 0, 0, 0, 0, 0, 0, 14, 23, 232
"d:\Learning\CG\project\ZeldaDemo\include\glm\detail\func_exponential.inl", "C++", 123, 0, 0, 0, 0, 0, 0, 0, 0, 9, 21, 153
"d:\Learning\CG\project\ZeldaDemo\include\glm\detail\func_exponential_simd.inl", "C++", 30, 0, 0, 0, 0, 0, 0, 0, 0, 2, 6, 38
"d:\Learning\CG\project\ZeldaDemo\include\glm\detail\func_geometric.inl", "C++", 193, 0, 0, 0, 0, 0, 0, 0, 0, 17, 34, 244
"d:\Learning\CG\project\ZeldaDemo\include\glm\detail\func_geometric_simd.inl", "C++", 143, 0, 0, 0, 0, 0, 0, 0, 0, 2, 19, 164
"d:\Learning\CG\project\ZeldaDemo\include\glm\detail\func_integer.inl", "C++", 325, 0, 0, 0, 0, 0, 0, 0, 0, 11, 57, 393
"d:\Learning\CG\project\ZeldaDemo\include\glm\detail\func_integer_simd.inl", "C++", 52, 0, 0, 0, 0, 0, 0, 0, 0, 0, 14, 66
"d:\Learning\CG\project\ZeldaDemo\include\glm\detail\func_matrix.inl", "C++", 386, 0, 0, 0, 0, 0, 0, 0, 0, 0, 58, 444
"d:\Learning\CG\project\ZeldaDemo\include\glm\detail\func_matrix_simd.inl", "C++", 194, 0, 0, 0, 0, 0, 0, 0, 0, 24, 35, 253
"d:\Learning\CG\project\ZeldaDemo\include\glm\detail\func_packing.inl", "C++", 144, 0, 0, 0, 0, 0, 0, 0, 0, 2, 44, 190
"d:\Learning\CG\project\ZeldaDemo\include\glm\detail\func_packing_simd.inl", "C++", 5, 0, 0, 0, 0, 0, 0, 0, 0, 0, 2, 7
"d:\Learning\CG\project\ZeldaDemo\include\glm\detail\func_trigonometric.inl", "C++", 145, 0, 0, 0, 0, 0, 0, 0, 0, 14, 39, 198
"d:\Learning\CG\project\ZeldaDemo\include\glm\detail\func_trigonometric_simd.inl", "C++", 0, 0, 0, 0, 0, 0, 0, 0, 0, 0, 1, 1
"d:\Learning\CG\project\ZeldaDemo\include\glm\detail\func_vector_relational.inl", "C++", 78, 0, 0, 0, 0, 0, 0, 0, 0, 0, 10, 88
"d:\Learning\CG\project\ZeldaDemo\include\glm\detail\func_vector_relational_simd.inl", "C++", 5, 0, 0, 0, 0, 0, 0, 0, 0, 0, 2, 7
"d:\Learning\CG\project\ZeldaDemo\include\glm\detail\glm.cpp", "C++", 198, 0, 0, 0, 0, 0, 0, 0, 0, 17, 49, 264
"d:\Learning\CG\project\ZeldaDemo\include\glm\detail\qualifier.hpp", "C++", 196, 0, 0, 0, 0, 0, 0, 0, 0, 1, 33, 230
"d:\Learning\CG\project\ZeldaDemo\include\glm\detail\setup.hpp", "C++", 917, 0, 0, 0, 0, 0, 0, 0, 0, 104, 168, 1189
"d:\Learning\CG\project\ZeldaDemo\include\glm\detail\type_float.hpp", "C++", 51, 0, 0, 0, 0, 0, 0, 0, 0, 3, 15, 69
"d:\Learning\CG\project\ZeldaDemo\include\glm\detail\type_half.hpp", "C++", 11, 0, 0, 0, 0, 0, 0, 0, 0, 0, 6, 17
"d:\Learning\CG\project\ZeldaDemo\include\glm\detail\type_half.inl", "C++", 121, 0, 0, 0, 0, 0, 0, 0, 0, 80, 41, 242
"d:\Learning\CG\project\ZeldaDemo\include\glm\detail\type_mat2x2.hpp", "C++", 120, 0, 0, 0, 0, 0, 0, 0, 0, 11, 47, 178
"d:\Learning\CG\project\ZeldaDemo\include\glm\detail\type_mat2x2.inl", "C++", 465, 0, 0, 0, 0, 0, 0, 0, 0, 9, 63, 537
"d:\Learning\CG\project\ZeldaDemo\include\glm\detail\type_mat2x3.hpp", "C++", 107, 0, 0, 0, 0, 0, 0, 0, 0, 11, 42, 160
"d:\Learning\CG\project\ZeldaDemo\include\glm\detail\type_mat2x3.inl", "C++", 445, 0, 0, 0, 0, 0, 0, 0, 0, 9, 57, 511
"d:\Learning\CG\project\ZeldaDemo\include\glm\detail\type_mat2x4.hpp", "C++", 109, 0, 0, 0, 0, 0, 0, 0, 0, 11, 42, 162
"d:\Learning\CG\project\ZeldaDemo\include\glm\detail\type_mat2x4.inl", "C++", 455, 0, 0, 0, 0, 0, 0, 0, 0, 9, 57, 521
"d:\Learning\CG\project\ZeldaDemo\include\glm\detail\type_mat3x2.hpp", "C++", 114, 0, 0, 0, 0, 0, 0, 0, 0, 11, 43, 168
"d:\Learning\CG\project\ZeldaDemo\include\glm\detail\type_mat3x2.inl", "C++", 467, 0, 0, 0, 0, 0, 0, 0, 0, 9, 57, 533
"d:\Learning\CG\project\ZeldaDemo\include\glm\detail\type_mat3x3.hpp", "C++", 127, 0, 0, 0, 0, 0, 0, 0, 0, 11, 47, 185
"d:\Learning\CG\project\ZeldaDemo\include\glm\detail\type_mat3x3.inl", "C++", 528, 0, 0, 0, 0, 0, 0, 0, 0, 9, 65, 602
"d:\Learning\CG\project\ZeldaDemo\include\glm\detail\type_mat3x4.hpp", "C++", 114, 0, 0, 0, 0, 0, 0, 0, 0, 11, 42, 167
"d:\Learning\CG\project\ZeldaDemo\include\glm\detail\type_mat3x4.inl", "C++", 513, 0, 0, 0, 0, 0, 0, 0, 0, 9, 57, 579
"d:\Learning\CG\project\ZeldaDemo\include\glm\detail\type_mat4x2.hpp", "C++", 119, 0, 0, 0, 0, 0, 0, 0, 0, 11, 42, 172
"d:\Learning\CG\project\ZeldaDemo\include\glm\detail\type_mat4x2.inl", "C++", 509, 0, 0, 0, 0, 0, 0, 0, 0, 9, 57, 575
"d:\Learning\CG\project\ZeldaDemo\include\glm\detail\type_mat4x3.hpp", "C++", 119, 0, 0, 0, 0, 0, 0, 0, 0, 11, 42, 172
"d:\Learning\CG\project\ZeldaDemo\include\glm\detail\type_mat4x3.inl", "C++", 533, 0, 0, 0, 0, 0, 0, 0, 0, 9, 57, 599
"d:\Learning\CG\project\ZeldaDemo\include\glm\detail\type_mat4x4.hpp", "C++", 132, 0, 0, 0, 0, 0, 0, 0, 0, 11, 47, 190
"d:\Learning\CG\project\ZeldaDemo\include\glm\detail\type_mat4x4.inl", "C++", 598, 0, 0, 0, 0, 0, 0, 0, 0, 36, 73, 707
"d:\Learning\CG\project\ZeldaDemo\include\glm\detail\type_mat4x4_simd.inl", "C++", 3, 0, 0, 0, 0, 0, 0, 0, 0, 1, 3, 7
"d:\Learning\CG\project\ZeldaDemo\include\glm\detail\type_quat.hpp", "C++", 126, 0, 0, 0, 0, 0, 0, 0, 0, 22, 46, 194
"d:\Learning\CG\project\ZeldaDemo\include\glm\detail\type_quat.inl", "C++", 336, 0, 0, 0, 0, 0, 0, 0, 0, 29, 60, 425
"d:\Learning\CG\project\ZeldaDemo\include\glm\detail\type_quat_simd.inl", "C++", 135, 0, 0, 0, 0, 0, 0, 0, 0, 55, 19, 209
"d:\Learning\CG\project\ZeldaDemo\include\glm\detail\type_vec1.hpp", "C++", 194, 0, 0, 0, 0, 0, 0, 0, 0, 47, 68, 309
"d:\Learning\CG\project\ZeldaDemo\include\glm\detail\type_vec1.inl", "C++", 455, 0, 0, 0, 0, 0, 0, 0, 0, 13, 86, 554
"d:\Learning\CG\project\ZeldaDemo\include\glm\detail\type_vec2.hpp", "C++", 288, 0, 0, 0, 0, 0, 0, 0, 0, 21, 94, 403
"d:\Learning\CG\project\ZeldaDemo\include\glm\detail\type_vec2.inl", "C++", 781, 0, 0, 0, 0, 0, 0, 0, 0, 13, 122, 916
"d:\Learning\CG\project\ZeldaDemo\include\glm\detail\type_vec3.hpp", "C++", 317, 0, 0, 0, 0, 0, 0, 0, 0, 24, 96, 437
"d:\Learning\CG\project\ZeldaDemo\include\glm\detail\type_vec3.inl", "C++", 929, 0, 0, 0, 0, 0, 0, 0, 0, 13, 129, 1071
"d:\Learning\CG\project\ZeldaDemo\include\glm\detail\type_vec4.hpp", "C++", 372, 0, 0, 0, 0, 0, 0, 0, 0, 36, 101, 509
"d:\Learning\CG\project\ZeldaDemo\include\glm\detail\type_vec4.inl", "C++", 968, 0, 0, 0, 0, 0, 0, 0, 0, 13, 162, 1143
"d:\Learning\CG\project\ZeldaDemo\include\glm\detail\type_vec4_simd.inl", "C++", 688, 0, 0, 0, 0, 0, 0, 0, 0, 8, 93, 789
"d:\Learning\CG\project\ZeldaDemo\include\glm\exponential.hpp", "C++", 24, 0, 0, 0, 0, 0, 0, 0, 0, 74, 13, 111
"d:\Learning\CG\project\ZeldaDemo\include\glm\ext.hpp", "C++", 239, 0, 0, 0, 0, 0, 0, 0, 0, 3, 26, 268
"d:\Learning\CG\project\ZeldaDemo\include\glm\ext\_matrix_vectorize.hpp", "C++", 98, 0, 0, 0, 0, 0, 0, 0, 0, 0, 31, 129
"d:\Learning\CG\project\ZeldaDemo\include\glm\ext\matrix_clip_space.hpp", "C++", 137, 0, 0, 0, 0, 0, 0, 0, 0, 336, 50, 523
"d:\Learning\CG\project\ZeldaDemo\include\glm\ext\matrix_clip_space.inl", "C++", 528, 0, 0, 0, 0, 0, 0, 0, 0, 1, 67, 596
"d:\Learning\CG\project\ZeldaDemo\include\glm\ext\matrix_common.hpp", "C++", 16, 0, 0, 0, 0, 0, 0, 0, 0, 14, 10, 40
"d:\Learning\CG\project\ZeldaDemo\include\glm\ext\matrix_common.inl", "C++", 28, 0, 0, 0, 0, 0, 0, 0, 0, 0, 7, 35
"d:\Learning\CG\project\ZeldaDemo\include\glm\ext\matrix_double2x2.hpp", "C++", 7, 0, 0, 0, 0, 0, 0, 0, 0, 11, 6, 24
"d:\Learning\CG\project\ZeldaDemo\include\glm\ext\matrix_double2x2_precision.hpp", "C++", 11, 0, 0, 0, 0, 0, 0, 0, 0, 29, 10, 50
"d:\Learning\CG\project\ZeldaDemo\include\glm\ext\matrix_double2x3.hpp", "C++", 6, 0, 0, 0, 0, 0, 0, 0, 0, 8, 5, 19
"d:\Learning\CG\project\ZeldaDemo\include\glm\ext\matrix_double2x3_precision.hpp", "C++", 8, 0, 0, 0, 0, 0, 0, 0, 0, 17, 7, 32
"d:\Learning\CG\project\ZeldaDemo\include\glm\ext\matrix_double2x4.hpp", "C++", 6, 0, 0, 0, 0, 0, 0, 0, 0, 8, 5, 19
"d:\Learning\CG\project\ZeldaDemo\include\glm\ext\matrix_double2x4_precision.hpp", "C++", 8, 0, 0, 0, 0, 0, 0, 0, 0, 17, 7, 32
"d:\Learning\CG\project\ZeldaDemo\include\glm\ext\matrix_double3x2.hpp", "C++", 6, 0, 0, 0, 0, 0, 0, 0, 0, 8, 5, 19
"d:\Learning\CG\project\ZeldaDemo\include\glm\ext\matrix_double3x2_precision.hpp", "C++", 8, 0, 0, 0, 0, 0, 0, 0, 0, 17, 7, 32
"d:\Learning\CG\project\ZeldaDemo\include\glm\ext\matrix_double3x3.hpp", "C++", 7, 0, 0, 0, 0, 0, 0, 0, 0, 11, 6, 24
"d:\Learning\CG\project\ZeldaDemo\include\glm\ext\matrix_double3x3_precision.hpp", "C++", 11, 0, 0, 0, 0, 0, 0, 0, 0, 29, 10, 50
"d:\Learning\CG\project\ZeldaDemo\include\glm\ext\matrix_double3x4.hpp", "C++", 6, 0, 0, 0, 0, 0, 0, 0, 0, 8, 5, 19
"d:\Learning\CG\project\ZeldaDemo\include\glm\ext\matrix_double3x4_precision.hpp", "C++", 8, 0, 0, 0, 0, 0, 0, 0, 0, 17, 7, 32
"d:\Learning\CG\project\ZeldaDemo\include\glm\ext\matrix_double4x2.hpp", "C++", 6, 0, 0, 0, 0, 0, 0, 0, 0, 8, 5, 19
"d:\Learning\CG\project\ZeldaDemo\include\glm\ext\matrix_double4x2_precision.hpp", "C++", 8, 0, 0, 0, 0, 0, 0, 0, 0, 17, 7, 32
"d:\Learning\CG\project\ZeldaDemo\include\glm\ext\matrix_double4x3.hpp", "C++", 6, 0, 0, 0, 0, 0, 0, 0, 0, 8, 5, 19
"d:\Learning\CG\project\ZeldaDemo\include\glm\ext\matrix_double4x3_precision.hpp", "C++", 8, 0, 0, 0, 0, 0, 0, 0, 0, 17, 7, 32
"d:\Learning\CG\project\ZeldaDemo\include\glm\ext\matrix_double4x4.hpp", "C++", 7, 0, 0, 0, 0, 0, 0, 0, 0, 11, 6, 24
"d:\Learning\CG\project\ZeldaDemo\include\glm\ext\matrix_double4x4_precision.hpp", "C++", 11, 0, 0, 0, 0, 0, 0, 0, 0, 29, 10, 50
"d:\Learning\CG\project\ZeldaDemo\include\glm\ext\matrix_float2x2.hpp", "C++", 7, 0, 0, 0, 0, 0, 0, 0, 0, 11, 6, 24
"d:\Learning\CG\project\ZeldaDemo\include\glm\ext\matrix_float2x2_precision.hpp", "C++", 11, 0, 0, 0, 0, 0, 0, 0, 0, 29, 10, 50
"d:\Learning\CG\project\ZeldaDemo\include\glm\ext\matrix_float2x3.hpp", "C++", 6, 0, 0, 0, 0, 0, 0, 0, 0, 8, 5, 19
"d:\Learning\CG\project\ZeldaDemo\include\glm\ext\matrix_float2x3_precision.hpp", "C++", 8, 0, 0, 0, 0, 0, 0, 0, 0, 17, 7, 32
"d:\Learning\CG\project\ZeldaDemo\include\glm\ext\matrix_float2x4.hpp", "C++", 6, 0, 0, 0, 0, 0, 0, 0, 0, 8, 5, 19
"d:\Learning\CG\project\ZeldaDemo\include\glm\ext\matrix_float2x4_precision.hpp", "C++", 8, 0, 0, 0, 0, 0, 0, 0, 0, 17, 7, 32
"d:\Learning\CG\project\ZeldaDemo\include\glm\ext\matrix_float3x2.hpp", "C++", 6, 0, 0, 0, 0, 0, 0, 0, 0, 8, 5, 19
"d:\Learning\CG\project\ZeldaDemo\include\glm\ext\matrix_float3x2_precision.hpp", "C++", 8, 0, 0, 0, 0, 0, 0, 0, 0, 17, 7, 32
"d:\Learning\CG\project\ZeldaDemo\include\glm\ext\matrix_float3x3.hpp", "C++", 7, 0, 0, 0, 0, 0, 0, 0, 0, 11, 6, 24
"d:\Learning\CG\project\ZeldaDemo\include\glm\ext\matrix_float3x3_precision.hpp", "C++", 11, 0, 0, 0, 0, 0, 0, 0, 0, 29, 10, 50
"d:\Learning\CG\project\ZeldaDemo\include\glm\ext\matrix_float3x4.hpp", "C++", 6, 0, 0, 0, 0, 0, 0, 0, 0, 8, 5, 19
"d:\Learning\CG\project\ZeldaDemo\include\glm\ext\matrix_float3x4_precision.hpp", "C++", 8, 0, 0, 0, 0, 0, 0, 0, 0, 17, 7, 32
"d:\Learning\CG\project\ZeldaDemo\include\glm\ext\matrix_float4x2.hpp", "C++", 6, 0, 0, 0, 0, 0, 0, 0, 0, 8, 5, 19
"d:\Learning\CG\project\ZeldaDemo\include\glm\ext\matrix_float4x2_precision.hpp", "C++", 8, 0, 0, 0, 0, 0, 0, 0, 0, 17, 7, 32
"d:\Learning\CG\project\ZeldaDemo\include\glm\ext\matrix_float4x3.hpp", "C++", 6, 0, 0, 0, 0, 0, 0, 0, 0, 8, 5, 19
"d:\Learning\CG\project\ZeldaDemo\include\glm\ext\matrix_float4x3_precision.hpp", "C++", 8, 0, 0, 0, 0, 0, 0, 0, 0, 17, 7, 32
"d:\Learning\CG\project\ZeldaDemo\include\glm\ext\matrix_float4x4.hpp", "C++", 7, 0, 0, 0, 0, 0, 0, 0, 0, 11, 6, 24
"d:\Learning\CG\project\ZeldaDemo\include\glm\ext\matrix_float4x4_precision.hpp", "C++", 11, 0, 0, 0, 0, 0, 0, 0, 0, 29, 10, 50
"d:\Learning\CG\project\ZeldaDemo\include\glm\ext\matrix_int2x2.hpp", "C++", 10, 0, 0, 0, 0, 0, 0, 0, 0, 21, 8, 39
"d:\Learning\CG\project\ZeldaDemo\include\glm\ext\matrix_int2x2_sized.hpp", "C++", 17, 0, 0, 0, 0, 0, 0, 0, 0, 39, 15, 71
"d:\Learning\CG\project\ZeldaDemo\include\glm\ext\matrix_int2x3.hpp", "C++", 9, 0, 0, 0, 0, 0, 0, 0, 0, 18, 7, 34
"d:\Learning\CG\project\ZeldaDemo\include\glm\ext\matrix_int2x3_sized.hpp", "C++", 13, 0, 0, 0, 0, 0, 0, 0, 0, 27, 10, 50
"d:\Learning\CG\project\ZeldaDemo\include\glm\ext\matrix_int2x4.hpp", "C++", 9, 0, 0, 0, 0, 0, 0, 0, 0, 18, 7, 34
"d:\Learning\CG\project\ZeldaDemo\include\glm\ext\matrix_int2x4_sized.hpp", "C++", 13, 0, 0, 0, 0, 0, 0, 0, 0, 27, 10, 50
"d:\Learning\CG\project\ZeldaDemo\include\glm\ext\matrix_int3x2.hpp", "C++", 9, 0, 0, 0, 0, 0, 0, 0, 0, 18, 7, 34
"d:\Learning\CG\project\ZeldaDemo\include\glm\ext\matrix_int3x2_sized.hpp", "C++", 13, 0, 0, 0, 0, 0, 0, 0, 0, 27, 10, 50
"d:\Learning\CG\project\ZeldaDemo\include\glm\ext\matrix_int3x3.hpp", "C++", 10, 0, 0, 0, 0, 0, 0, 0, 0, 21, 8, 39
"d:\Learning\CG\project\ZeldaDemo\include\glm\ext\matrix_int3x3_sized.hpp", "C++", 17, 0, 0, 0, 0, 0, 0, 0, 0, 39, 15, 71
"d:\Learning\CG\project\ZeldaDemo\include\glm\ext\matrix_int3x4.hpp", "C++", 9, 0, 0, 0, 0, 0, 0, 0, 0, 18, 7, 34
"d:\Learning\CG\project\ZeldaDemo\include\glm\ext\matrix_int3x4_sized.hpp", "C++", 13, 0, 0, 0, 0, 0, 0, 0, 0, 27, 10, 50
"d:\Learning\CG\project\ZeldaDemo\include\glm\ext\matrix_int4x2.hpp", "C++", 9, 0, 0, 0, 0, 0, 0, 0, 0, 18, 7, 34
"d:\Learning\CG\project\ZeldaDemo\include\glm\ext\matrix_int4x2_sized.hpp", "C++", 13, 0, 0, 0, 0, 0, 0, 0, 0, 27, 10, 50
"d:\Learning\CG\project\ZeldaDemo\include\glm\ext\matrix_int4x3.hpp", "C++", 9, 0, 0, 0, 0, 0, 0, 0, 0, 18, 7, 34
"d:\Learning\CG\project\ZeldaDemo\include\glm\ext\matrix_int4x3_sized.hpp", "C++", 13, 0, 0, 0, 0, 0, 0, 0, 0, 27, 10, 50
"d:\Learning\CG\project\ZeldaDemo\include\glm\ext\matrix_int4x4.hpp", "C++", 10, 0, 0, 0, 0, 0, 0, 0, 0, 21, 8, 39
"d:\Learning\CG\project\ZeldaDemo\include\glm\ext\matrix_int4x4_sized.hpp", "C++", 17, 0, 0, 0, 0, 0, 0, 0, 0, 39, 15, 71
"d:\Learning\CG\project\ZeldaDemo\include\glm\ext\matrix_integer.hpp", "C++", 20, 0, 0, 0, 0, 0, 0, 0, 0, 61, 11, 92
"d:\Learning\CG\project\ZeldaDemo\include\glm\ext\matrix_integer.inl", "C++", 34, 0, 0, 0, 0, 0, 0, 0, 0, 0, 5, 39
"d:\Learning\CG\project\ZeldaDemo\include\glm\ext\matrix_projection.hpp", "C++", 33, 0, 0, 0, 0, 0, 0, 0, 0, 103, 14, 150
"d:\Learning\CG\project\ZeldaDemo\include\glm\ext\matrix_projection.inl", "C++", 85, 0, 0, 0, 0, 0, 0, 0, 0, 1, 21, 107
"d:\Learning\CG\project\ZeldaDemo\include\glm\ext\matrix_relational.hpp", "C++", 29, 0, 0, 0, 0, 0, 0, 0, 0, 87, 17, 133
"d:\Learning\CG\project\ZeldaDemo\include\glm\ext\matrix_relational.inl", "C++", 73, 0, 0, 0, 0, 0, 0, 0, 0, 3, 13, 89
"d:\Learning\CG\project\ZeldaDemo\include\glm\ext\matrix_transform.hpp", "C++", 35, 0, 0, 0, 0, 0, 0, 0, 0, 122, 15, 172
"d:\Learning\CG\project\ZeldaDemo\include\glm\ext\matrix_transform.inl", "C++", 180, 0, 0, 0, 0, 0, 0, 0, 0, 0, 28, 208
"d:\Learning\CG\project\ZeldaDemo\include\glm\ext\matrix_uint2x2.hpp", "C++", 10, 0, 0, 0, 0, 0, 0, 0, 0, 21, 8, 39
"d:\Learning\CG\project\ZeldaDemo\include\glm\ext\matrix_uint2x2_sized.hpp", "C++", 17, 0, 0, 0, 0, 0, 0, 0, 0, 39, 15, 71
"d:\Learning\CG\project\ZeldaDemo\include\glm\ext\matrix_uint2x3.hpp", "C++", 9, 0, 0, 0, 0, 0, 0, 0, 0, 18, 7, 34
"d:\Learning\CG\project\ZeldaDemo\include\glm\ext\matrix_uint2x3_sized.hpp", "C++", 13, 0, 0, 0, 0, 0, 0, 0, 0, 27, 10, 50
"d:\Learning\CG\project\ZeldaDemo\include\glm\ext\matrix_uint2x4.hpp", "C++", 9, 0, 0, 0, 0, 0, 0, 0, 0, 18, 7, 34
"d:\Learning\CG\project\ZeldaDemo\include\glm\ext\matrix_uint2x4_sized.hpp", "C++", 13, 0, 0, 0, 0, 0, 0, 0, 0, 27, 10, 50
"d:\Learning\CG\project\ZeldaDemo\include\glm\ext\matrix_uint3x2.hpp", "C++", 9, 0, 0, 0, 0, 0, 0, 0, 0, 18, 7, 34
"d:\Learning\CG\project\ZeldaDemo\include\glm\ext\matrix_uint3x2_sized.hpp", "C++", 13, 0, 0, 0, 0, 0, 0, 0, 0, 27, 10, 50
"d:\Learning\CG\project\ZeldaDemo\include\glm\ext\matrix_uint3x3.hpp", "C++", 10, 0, 0, 0, 0, 0, 0, 0, 0, 21, 8, 39
"d:\Learning\CG\project\ZeldaDemo\include\glm\ext\matrix_uint3x3_sized.hpp", "C++", 17, 0, 0, 0, 0, 0, 0, 0, 0, 39, 15, 71
"d:\Learning\CG\project\ZeldaDemo\include\glm\ext\matrix_uint3x4.hpp", "C++", 9, 0, 0, 0, 0, 0, 0, 0, 0, 18, 7, 34
"d:\Learning\CG\project\ZeldaDemo\include\glm\ext\matrix_uint3x4_sized.hpp", "C++", 13, 0, 0, 0, 0, 0, 0, 0, 0, 27, 10, 50
"d:\Learning\CG\project\ZeldaDemo\include\glm\ext\matrix_uint4x2.hpp", "C++", 9, 0, 0, 0, 0, 0, 0, 0, 0, 18, 7, 34
"d:\Learning\CG\project\ZeldaDemo\include\glm\ext\matrix_uint4x2_sized.hpp", "C++", 13, 0, 0, 0, 0, 0, 0, 0, 0, 27, 10, 50
"d:\Learning\CG\project\ZeldaDemo\include\glm\ext\matrix_uint4x3.hpp", "C++", 9, 0, 0, 0, 0, 0, 0, 0, 0, 18, 7, 34
"d:\Learning\CG\project\ZeldaDemo\include\glm\ext\matrix_uint4x3_sized.hpp", "C++", 13, 0, 0, 0, 0, 0, 0, 0, 0, 27, 10, 50
"d:\Learning\CG\project\ZeldaDemo\include\glm\ext\matrix_uint4x4.hpp", "C++", 10, 0, 0, 0, 0, 0, 0, 0, 0, 21, 8, 39
"d:\Learning\CG\project\ZeldaDemo\include\glm\ext\matrix_uint4x4_sized.hpp", "C++", 17, 0, 0, 0, 0, 0, 0, 0, 0, 39, 15, 71
"d:\Learning\CG\project\ZeldaDemo\include\glm\ext\quaternion_common.hpp", "C++", 30, 0, 0, 0, 0, 0, 0, 0, 0, 91, 15, 136
"d:\Learning\CG\project\ZeldaDemo\include\glm\ext\quaternion_common.inl", "C++", 107, 0, 0, 0, 0, 0, 0, 0, 0, 14, 24, 145
"d:\Learning\CG\project\ZeldaDemo\include\glm\ext\quaternion_common_simd.inl", "C++", 15, 0, 0, 0, 0, 0, 0, 0, 0, 0, 4, 19
"d:\Learning\CG\project\ZeldaDemo\include\glm\ext\quaternion_double.hpp", "C++", 9, 0, 0, 0, 0, 0, 0, 0, 0, 23, 8, 40
"d:\Learning\CG\project\ZeldaDemo\include\glm\ext\quaternion_double_precision.hpp", "C++", 11, 0, 0, 0, 0, 0, 0, 0, 0, 22, 10, 43
"d:\Learning\CG\project\ZeldaDemo\include\glm\ext\quaternion_exponential.hpp", "C++", 20, 0, 0, 0, 0, 0, 0, 0, 0, 33, 11, 64
"d:\Learning\CG\project\ZeldaDemo\include\glm\ext\quaternion_exponential.inl", "C++", 64, 0, 0, 0, 0, 0, 0, 0, 0, 12, 14, 90
"d:\Learning\CG\project\ZeldaDemo\include\glm\ext\quaternion_float.hpp", "C++", 9, 0, 0, 0, 0, 0, 0, 0, 0, 23, 8, 40
"d:\Learning\CG\project\ZeldaDemo\include\glm\ext\quaternion_float_precision.hpp", "C++", 11, 0, 0, 0, 0, 0, 0, 0, 0, 16, 10, 37
"d:\Learning\CG\project\ZeldaDemo\include\glm\ext\quaternion_geometric.hpp", "C++", 19, 0, 0, 0, 0, 0, 0, 0, 0, 41, 11, 71
"d:\Learning\CG\project\ZeldaDemo\include\glm\ext\quaternion_geometric.inl", "C++", 32, 0, 0, 0, 0, 0, 0, 0, 0, 0, 5, 37
"d:\Learning\CG\project\ZeldaDemo\include\glm\ext\quaternion_relational.hpp", "C++", 17, 0, 0, 0, 0, 0, 0, 0, 0, 35, 11, 63
"d:\Learning\CG\project\ZeldaDemo\include\glm\ext\quaternion_relational.inl", "C++", 31, 0, 0, 0, 0, 0, 0, 0, 0, 0, 5, 36
"d:\Learning\CG\project\ZeldaDemo\include\glm\ext\quaternion_transform.hpp", "C++", 13, 0, 0, 0, 0, 0, 0, 0, 0, 28, 7, 48
"d:\Learning\CG\project\ZeldaDemo\include\glm\ext\quaternion_transform.inl", "C++", 19, 0, 0, 0, 0, 0, 0, 0, 0, 1, 5, 25
"d:\Learning\CG\project\ZeldaDemo\include\glm\ext\quaternion_trigonometric.hpp", "C++", 19, 0, 0, 0, 0, 0, 0, 0, 0, 37, 10, 66
"d:\Learning\CG\project\ZeldaDemo\include\glm\ext\quaternion_trigonometric.inl", "C++", 32, 0, 0, 0, 0, 0, 0, 0, 0, 0, 6, 38
"d:\Learning\CG\project\ZeldaDemo\include\glm\ext\scalar_common.hpp", "C++", 43, 0, 0, 0, 0, 0, 0, 0, 0, 115, 24, 182
"d:\Learning\CG\project\ZeldaDemo\include\glm\ext\scalar_common.inl", "C++", 144, 0, 0, 0, 0, 0, 0, 0, 0, 1, 26, 171
"d:\Learning\CG\project\ZeldaDemo\include\glm\ext\scalar_constants.hpp", "C++", 15, 0, 0, 0, 0, 0, 0, 0, 0, 16, 10, 41
"d:\Learning\CG\project\ZeldaDemo\include\glm\ext\scalar_constants.inl", "C++", 21, 0, 0, 0, 0, 0, 0, 0, 0, 0, 4, 25
"d:\Learning\CG\project\ZeldaDemo\include\glm\ext\scalar_int_sized.hpp", "C++", 38, 0, 0, 0, 0, 0, 0, 0, 0, 18, 15, 71
"d:\Learning\CG\project\ZeldaDemo\include\glm\ext\scalar_integer.hpp", "C++", 29, 0, 0, 0, 0, 0, 0, 0, 0, 50, 14, 93
"d:\Learning\CG\project\ZeldaDemo\include\glm\ext\scalar_integer.inl", "C++", 208, 0, 0, 0, 0, 0, 0, 0, 0, 0, 36, 244
"d:\Learning\CG\project\ZeldaDemo\include\glm\ext\scalar_packing.hpp", "C++", 9, 0, 0, 0, 0, 0, 0, 0, 0, 16, 8, 33
"d:\Learning\CG\project\ZeldaDemo\include\glm\ext\scalar_packing.inl", "C++", 0, 0, 0, 0, 0, 0, 0, 0, 0, 0, 1, 1
"d:\Learning\CG\project\ZeldaDemo\include\glm\ext\scalar_reciprocal.hpp", "C++", 33, 0, 0, 0, 0, 0, 0, 0, 0, 84, 19, 136
"d:\Learning\CG\project\ZeldaDemo\include\glm\ext\scalar_reciprocal.inl", "C++", 79, 0, 0, 0, 0, 0, 0, 0, 0, 13, 16, 108
"d:\Learning\CG\project\ZeldaDemo\include\glm\ext\scalar_relational.hpp", "C++", 17, 0, 0, 0, 0, 0, 0, 0, 0, 41, 11, 69
"d:\Learning\CG\project\ZeldaDemo\include\glm\ext\scalar_relational.inl", "C++", 32, 0, 0, 0, 0, 0, 0, 0, 0, 2, 7, 41
"d:\Learning\CG\project\ZeldaDemo\include\glm\ext\scalar_uint_sized.hpp", "C++", 38, 0, 0, 0, 0, 0, 0, 0, 0, 18, 15, 71
"d:\Learning\CG\project\ZeldaDemo\include\glm\ext\scalar_ulp.hpp", "C++", 21, 0, 0, 0, 0, 0, 0, 0, 0, 44, 13, 78
"d:\Learning\CG\project\ZeldaDemo\include\glm\ext\scalar_ulp.inl", "C++", 257, 0, 0, 0, 0, 0, 0, 0, 0, 7, 28, 292
"d:\Learning\CG\project\ZeldaDemo\include\glm\ext\vector_bool1.hpp", "C++", 9, 0, 0, 0, 0, 0, 0, 0, 0, 15, 7, 31
"d:\Learning\CG\project\ZeldaDemo\include\glm\ext\vector_bool1_precision.hpp", "C++", 11, 0, 0, 0, 0, 0, 0, 0, 0, 15, 9, 35
"d:\Learning\CG\project\ZeldaDemo\include\glm\ext\vector_bool2.hpp", "C++", 6, 0, 0, 0, 0, 0, 0, 0, 0, 8, 5, 19
"d:\Learning\CG\project\ZeldaDemo\include\glm\ext\vector_bool2_precision.hpp", "C++", 8, 0, 0, 0, 0, 0, 0, 0, 0, 17, 7, 32
"d:\Learning\CG\project\ZeldaDemo\include\glm\ext\vector_bool3.hpp", "C++", 6, 0, 0, 0, 0, 0, 0, 0, 0, 8, 5, 19
"d:\Learning\CG\project\ZeldaDemo\include\glm\ext\vector_bool3_precision.hpp", "C++", 8, 0, 0, 0, 0, 0, 0, 0, 0, 17, 7, 32
"d:\Learning\CG\project\ZeldaDemo\include\glm\ext\vector_bool4.hpp", "C++", 6, 0, 0, 0, 0, 0, 0, 0, 0, 8, 5, 19
"d:\Learning\CG\project\ZeldaDemo\include\glm\ext\vector_bool4_precision.hpp", "C++", 8, 0, 0, 0, 0, 0, 0, 0, 0, 17, 7, 32
"d:\Learning\CG\project\ZeldaDemo\include\glm\ext\vector_common.hpp", "C++", 50, 0, 0, 0, 0, 0, 0, 0, 0, 152, 27, 229
"d:\Learning\CG\project\ZeldaDemo\include\glm\ext\vector_common.inl", "C++", 125, 0, 0, 0, 0, 0, 0, 0, 0, 0, 23, 148
"d:\Learning\CG\project\ZeldaDemo\include\glm\ext\vector_double1.hpp", "C++", 9, 0, 0, 0, 0, 0, 0, 0, 0, 16, 7, 32
"d:\Learning\CG\project\ZeldaDemo\include\glm\ext\vector_double1_precision.hpp", "C++", 11, 0, 0, 0, 0, 0, 0, 0, 0, 17, 9, 37
"d:\Learning\CG\project\ZeldaDemo\include\glm\ext\vector_double2.hpp", "C++", 6, 0, 0, 0, 0, 0, 0, 0, 0, 8, 5, 19
"d:\Learning\CG\project\ZeldaDemo\include\glm\ext\vector_double2_precision.hpp", "C++", 8, 0, 0, 0, 0, 0, 0, 0, 0, 17, 7, 32
"d:\Learning\CG\project\ZeldaDemo\include\glm\ext\vector_double3.hpp", "C++", 6, 0, 0, 0, 0, 0, 0, 0, 0, 8, 5, 19
"d:\Learning\CG\project\ZeldaDemo\include\glm\ext\vector_double3_precision.hpp", "C++", 8, 0, 0, 0, 0, 0, 0, 0, 0, 20, 7, 35
"d:\Learning\CG\project\ZeldaDemo\include\glm\ext\vector_double4.hpp", "C++", 6, 0, 0, 0, 0, 0, 0, 0, 0, 8, 5, 19
"d:\Learning\CG\project\ZeldaDemo\include\glm\ext\vector_double4_precision.hpp", "C++", 9, 0, 0, 0, 0, 0, 0, 0, 0, 20, 7, 36
"d:\Learning\CG\project\ZeldaDemo\include\glm\ext\vector_float1.hpp", "C++", 9, 0, 0, 0, 0, 0, 0, 0, 0, 16, 7, 32
"d:\Learning\CG\project\ZeldaDemo\include\glm\ext\vector_float1_precision.hpp", "C++", 11, 0, 0, 0, 0, 0, 0, 0, 0, 17, 9, 37
"d:\Learning\CG\project\ZeldaDemo\include\glm\ext\vector_float2.hpp", "C++", 6, 0, 0, 0, 0, 0, 0, 0, 0, 8, 5, 19
"d:\Learning\CG\project\ZeldaDemo\include\glm\ext\vector_float2_precision.hpp", "C++", 8, 0, 0, 0, 0, 0, 0, 0, 0, 17, 7, 32
"d:\Learning\CG\project\ZeldaDemo\include\glm\ext\vector_float3.hpp", "C++", 6, 0, 0, 0, 0, 0, 0, 0, 0, 8, 5, 19
"d:\Learning\CG\project\ZeldaDemo\include\glm\ext\vector_float3_precision.hpp", "C++", 8, 0, 0, 0, 0, 0, 0, 0, 0, 17, 7, 32
"d:\Learning\CG\project\ZeldaDemo\include\glm\ext\vector_float4.hpp", "C++", 6, 0, 0, 0, 0, 0, 0, 0, 0, 8, 5, 19
"d:\Learning\CG\project\ZeldaDemo\include\glm\ext\vector_float4_precision.hpp", "C++", 8, 0, 0, 0, 0, 0, 0, 0, 0, 17, 7, 32
"d:\Learning\CG\project\ZeldaDemo\include\glm\ext\vector_int1.hpp", "C++", 9, 0, 0, 0, 0, 0, 0, 0, 0, 16, 8, 33
"d:\Learning\CG\project\ZeldaDemo\include\glm\ext\vector_int1_sized.hpp", "C++", 13, 0, 0, 0, 0, 0, 0, 0, 0, 27, 10, 50
"d:\Learning\CG\project\ZeldaDemo\include\glm\ext\vector_int2.hpp", "C++", 6, 0, 0, 0, 0, 0, 0, 0, 0, 8, 5, 19
"d:\Learning\CG\project\ZeldaDemo\include\glm\ext\vector_int2_sized.hpp", "C++", 13, 0, 0, 0, 0, 0, 0, 0, 0, 27, 10, 50
"d:\Learning\CG\project\ZeldaDemo\include\glm\ext\vector_int3.hpp", "C++", 6, 0, 0, 0, 0, 0, 0, 0, 0, 8, 5, 19
"d:\Learning\CG\project\ZeldaDemo\include\glm\ext\vector_int3_sized.hpp", "C++", 13, 0, 0, 0, 0, 0, 0, 0, 0, 27, 10, 50
"d:\Learning\CG\project\ZeldaDemo\include\glm\ext\vector_int4.hpp", "C++", 6, 0, 0, 0, 0, 0, 0, 0, 0, 8, 5, 19
"d:\Learning\CG\project\ZeldaDemo\include\glm\ext\vector_int4_sized.hpp", "C++", 13, 0, 0, 0, 0, 0, 0, 0, 0, 27, 10, 50
"d:\Learning\CG\project\ZeldaDemo\include\glm\ext\vector_integer.hpp", "C++", 34, 0, 0, 0, 0, 0, 0, 0, 0, 99, 17, 150
"d:\Learning\CG\project\ZeldaDemo\include\glm\ext\vector_integer.inl", "C++", 65, 0, 0, 0, 0, 0, 0, 0, 0, 0, 21, 86
"d:\Learning\CG\project\ZeldaDemo\include\glm\ext\vector_packing.hpp", "C++", 9, 0, 0, 0, 0, 0, 0, 0, 0, 16, 8, 33
"d:\Learning\CG\project\ZeldaDemo\include\glm\ext\vector_packing.inl", "C++", 0, 0, 0, 0, 0, 0, 0, 0, 0, 0, 1, 1
"d:\Learning\CG\project\ZeldaDemo\include\glm\ext\vector_reciprocal.hpp", "C++", 33, 0, 0, 0, 0, 0, 0, 0, 0, 84, 19, 136
"d:\Learning\CG\project\ZeldaDemo\include\glm\ext\vector_reciprocal.inl", "C++", 79, 0, 0, 0, 0, 0, 0, 0, 0, 13, 14, 106
"d:\Learning\CG\project\ZeldaDemo\include\glm\ext\vector_relational.hpp", "C++", 25, 0, 0, 0, 0, 0, 0, 0, 0, 68, 15, 108
"d:\Learning\CG\project\ZeldaDemo\include\glm\ext\vector_relational.inl", "C++", 62, 0, 0, 0, 0, 0, 0, 0, 0, 3, 11, 76
"d:\Learning\CG\project\ZeldaDemo\include\glm\ext\vector_uint1.hpp", "C++", 9, 0, 0, 0, 0, 0, 0, 0, 0, 16, 8, 33
"d:\Learning\CG\project\ZeldaDemo\include\glm\ext\vector_uint1_sized.hpp", "C++", 13, 0, 0, 0, 0, 0, 0, 0, 0, 27, 10, 50
"d:\Learning\CG\project\ZeldaDemo\include\glm\ext\vector_uint2.hpp", "C++", 6, 0, 0, 0, 0, 0, 0, 0, 0, 8, 5, 19
"d:\Learning\CG\project\ZeldaDemo\include\glm\ext\vector_uint2_sized.hpp", "C++", 13, 0, 0, 0, 0, 0, 0, 0, 0, 27, 10, 50
"d:\Learning\CG\project\ZeldaDemo\include\glm\ext\vector_uint3.hpp", "C++", 6, 0, 0, 0, 0, 0, 0, 0, 0, 8, 5, 19
"d:\Learning\CG\project\ZeldaDemo\include\glm\ext\vector_uint3_sized.hpp", "C++", 13, 0, 0, 0, 0, 0, 0, 0, 0, 27, 10, 50
"d:\Learning\CG\project\ZeldaDemo\include\glm\ext\vector_uint4.hpp", "C++", 6, 0, 0, 0, 0, 0, 0, 0, 0, 8, 5, 19
"d:\Learning\CG\project\ZeldaDemo\include\glm\ext\vector_uint4_sized.hpp", "C++", 13, 0, 0, 0, 0, 0, 0, 0, 0, 27, 10, 50
"d:\Learning\CG\project\ZeldaDemo\include\glm\ext\vector_ulp.hpp", "C++", 25, 0, 0, 0, 0, 0, 0, 0, 0, 73, 15, 113
"d:\Learning\CG\project\ZeldaDemo\include\glm\ext\vector_ulp.inl", "C++", 67, 0, 0, 0, 0, 0, 0, 0, 0, 0, 8, 75
"d:\Learning\CG\project\ZeldaDemo\include\glm\fwd.hpp", "C++", 1013, 0, 0, 0, 0, 0, 0, 0, 0, 12, 209, 1234
"d:\Learning\CG\project\ZeldaDemo\include\glm\geometric.hpp", "C++", 30, 0, 0, 0, 0, 0, 0, 0, 0, 73, 14, 117
"d:\Learning\CG\project\ZeldaDemo\include\glm\glm.cppm", "C++", 2652, 0, 0, 0, 0, 0, 0, 0, 0, 7, 17, 2676
"d:\Learning\CG\project\ZeldaDemo\include\glm\glm.hpp", "C++", 29, 0, 0, 0, 0, 0, 0, 0, 0, 102, 7, 138
"d:\Learning\CG\project\ZeldaDemo\include\glm\gtc\bitfield.hpp", "C++", 57, 0, 0, 0, 0, 0, 0, 0, 0, 170, 40, 267
"d:\Learning\CG\project\ZeldaDemo\include\glm\gtc\bitfield.inl", "C++", 493, 0, 0, 0, 0, 0, 0, 0, 0, 1, 142, 636
"d:\Learning\CG\project\ZeldaDemo\include\glm\gtc\color_space.hpp", "C++", 22, 0, 0, 0, 0, 0, 0, 0, 0, 24, 11, 57
"d:\Learning\CG\project\ZeldaDemo\include\glm\gtc\color_space.inl", "C++", 72, 0, 0, 0, 0, 0, 0, 0, 0, 2, 11, 85
"d:\Learning\CG\project\ZeldaDemo\include\glm\gtc\constants.hpp", "C++", 65, 0, 0, 0, 0, 0, 0, 0, 0, 71, 35, 171
"d:\Learning\CG\project\ZeldaDemo\include\glm\gtc\constants.inl", "C++", 143, 0, 0, 0, 0, 0, 0, 0, 0, 1, 30, 174
"d:\Learning\CG\project\ZeldaDemo\include\glm\gtc\epsilon.hpp", "C++", 18, 0, 0, 0, 0, 0, 0, 0, 0, 32, 11, 61
"d:\Learning\CG\project\ZeldaDemo\include\glm\gtc\epsilon.inl", "C++", 67, 0, 0, 0, 0, 0, 0, 0, 0, 2, 12, 81
"d:\Learning\CG\project\ZeldaDemo\include\glm\gtc\integer.hpp", "C++", 18, 0, 0, 0, 0, 0, 0, 0, 0, 18, 8, 44
"d:\Learning\CG\project\ZeldaDemo\include\glm\gtc\integer.inl", "C++", 28, 0, 0, 0, 0, 0, 0, 0, 0, 3, 3, 34
"d:\Learning\CG\project\ZeldaDemo\include\glm\gtc\matrix_access.hpp", "C++", 27, 0, 0, 0, 0, 0, 0, 0, 0, 23, 11, 61
"d:\Learning\CG\project\ZeldaDemo\include\glm\gtc\matrix_access.inl", "C++", 53, 0, 0, 0, 0, 0, 0, 0, 0, 1, 9, 63
"d:\Learning\CG\project\ZeldaDemo\include\glm\gtc\matrix_integer.hpp", "C++", 112, 0, 0, 0, 0, 0, 0, 0, 0, 207, 115, 434
"d:\Learning\CG\project\ZeldaDemo\include\glm\gtc\matrix_inverse.hpp", "C++", 17, 0, 0, 0, 0, 0, 0, 0, 0, 25, 9, 51
"d:\Learning\CG\project\ZeldaDemo\include\glm\gtc\matrix_inverse.inl", "C++", 99, 0, 0, 0, 0, 0, 0, 0, 0, 1, 19, 119
"d:\Learning\CG\project\ZeldaDemo\include\glm\gtc\matrix_transform.hpp", "C++", 12, 0, 0, 0, 0, 0, 0, 0, 0, 20, 5, 37
"d:\Learning\CG\project\ZeldaDemo\include\glm\gtc\matrix_transform.inl", "C++", 3, 0, 0, 0, 0, 0, 0, 0, 0, 0, 1, 4
"d:\Learning\CG\project\ZeldaDemo\include\glm\gtc\noise.hpp", "C++", 27, 0, 0, 0, 0, 0, 0, 0, 0, 25, 10, 62
"d:\Learning\CG\project\ZeldaDemo\include\glm\gtc\noise.inl", "C++", 582, 0, 0, 0, 0, 0, 0, 0, 0, 133, 93, 808
"d:\Learning\CG\project\ZeldaDemo\include\glm\gtc\packing.hpp", "C++", 88, 0, 0, 0, 0, 0, 0, 0, 0, 561, 80, 729
"d:\Learning\CG\project\ZeldaDemo\include\glm\gtc\packing.inl", "C++", 763, 0, 0, 0, 0, 0, 0, 0, 0, 61, 128, 952
"d:\Learning\CG\project\ZeldaDemo\include\glm\gtc\quaternion.hpp", "C++", 60, 0, 0, 0, 0, 0, 0, 0, 0, 93, 21, 174
"d:\Learning\CG\project\ZeldaDemo\include\glm\gtc\quaternion.inl", "C++", 175, 0, 0, 0, 0, 0, 0, 0, 0, 1, 33, 209
"d:\Learning\CG\project\ZeldaDemo\include\glm\gtc\quaternion_simd.inl", "C++", 0, 0, 0, 0, 0, 0, 0, 0, 0, 0, 1, 1
"d:\Learning\CG\project\ZeldaDemo\include\glm\gtc\random.hpp", "C++", 25, 0, 0, 0, 0, 0, 0, 0, 0, 44, 14, 83
"d:\Learning\CG\project\ZeldaDemo\include\glm\gtc\random.inl", "C++", 262, 0, 0, 0, 0, 0, 0, 0, 0, 0, 42, 304
"d:\Learning\CG\project\ZeldaDemo\include\glm\gtc\reciprocal.hpp", "C++", 7, 0, 0, 0, 0, 0, 0, 0, 0, 12, 6, 25
"d:\Learning\CG\project\ZeldaDemo\include\glm\gtc\round.hpp", "C++", 38, 0, 0, 0, 0, 0, 0, 0, 0, 104, 19, 161
"d:\Learning\CG\project\ZeldaDemo\include\glm\gtc\round.inl", "C++", 118, 0, 0, 0, 0, 0, 0, 0, 0, 13, 25, 156
"d:\Learning\CG\project\ZeldaDemo\include\glm\gtc\type_aligned.hpp", "C++", 547, 0, 0, 0, 0, 0, 0, 0, 0, 384, 385, 1316
"d:\Learning\CG\project\ZeldaDemo\include\glm\gtc\type_precision.hpp", "C++", 514, 0, 0, 0, 0, 0, 0, 0, 0, 1018, 563, 2095
"d:\Learning\CG\project\ZeldaDemo\include\glm\gtc\type_precision.inl", "C++", 3, 0, 0, 0, 0, 0, 0, 0, 0, 1, 3, 7
"d:\Learning\CG\project\ZeldaDemo\include\glm\gtc\type_ptr.hpp", "C++", 89, 0, 0, 0, 0, 0, 0, 0, 0, 102, 40, 231
"d:\Learning\CG\project\ZeldaDemo\include\glm\gtc\type_ptr.inl", "C++", 320, 0, 0, 0, 0, 0, 0, 0, 0, 4, 63, 387
"d:\Learning\CG\project\ZeldaDemo\include\glm\gtc\ulp.hpp", "C++", 38, 0, 0, 0, 0, 0, 0, 0, 0, 97, 21, 156
"d:\Learning\CG\project\ZeldaDemo\include\glm\gtc\ulp.inl", "C++", 150, 0, 0, 0, 0, 0, 0, 0, 0, 1, 23, 174
"d:\Learning\CG\project\ZeldaDemo\include\glm\gtc\vec1.hpp", "C++", 14, 0, 0, 0, 0, 0, 0, 0, 0, 12, 5, 31
"d:\Learning\CG\project\ZeldaDemo\include\glm\gtx\associated_min_max.hpp", "C++", 117, 0, 0, 0, 0, 0, 0, 0, 0, 60, 29, 206
"d:\Learning\CG\project\ZeldaDemo\include\glm\gtx\associated_min_max.inl", "C++", 310, 0, 0, 0, 0, 0, 0, 0, 0, 19, 26, 355
"d:\Learning\CG\project\ZeldaDemo\include\glm\gtx\bit.hpp", "C++", 29, 0, 0, 0, 0, 0, 0, 0, 0, 50, 18, 97
"d:\Learning\CG\project\ZeldaDemo\include\glm\gtx\bit.inl", "C++", 64, 0, 0, 0, 0, 0, 0, 0, 0, 11, 18, 93
"d:\Learning\CG\project\ZeldaDemo\include\glm\gtx\closest_point.hpp", "C++", 21, 0, 0, 0, 0, 0, 0, 0, 0, 18, 9, 48
"d:\Learning\CG\project\ZeldaDemo\include\glm\gtx\closest_point.inl", "C++", 35, 0, 0, 0, 0, 0, 0, 0, 0, 3, 8, 46
"d:\Learning\CG\project\ZeldaDemo\include\glm\gtx\color_encoding.hpp", "C++", 22, 0, 0, 0, 0, 0, 0, 0, 0, 20, 11, 53
"d:\Learning\CG\project\ZeldaDemo\include\glm\gtx\color_encoding.inl", "C++", 35, 0, 0, 0, 0, 0, 0, 0, 0, 1, 10, 46
"d:\Learning\CG\project\ZeldaDemo\include\glm\gtx\color_space.hpp", "C++", 31, 0, 0, 0, 0, 0, 0, 0, 0, 27, 13, 71
"d:\Learning\CG\project\ZeldaDemo\include\glm\gtx\color_space.inl", "C++", 119, 0, 0, 0, 0, 0, 0, 0, 0, 7, 19, 145
"d:\Learning\CG\project\ZeldaDemo\include\glm\gtx\color_space_YCoCg.hpp", "C++", 23, 0, 0, 0, 0, 0, 0, 0, 0, 25, 11, 59
"d:\Learning\CG\project\ZeldaDemo\include\glm\gtx\color_space_YCoCg.inl", "C++", 98, 0, 0, 0, 0, 0, 0, 0, 0, 1, 9, 108
"d:\Learning\CG\project\ZeldaDemo\include\glm\gtx\common.hpp", "C++", 22, 0, 0, 0, 0, 0, 0, 0, 0, 42, 11, 75
"d:\Learning\CG\project\ZeldaDemo\include\glm\gtx\common.inl", "C++", 105, 0, 0, 0, 0, 0, 0, 0, 0, 2, 19, 126
"d:\Learning\CG\project\ZeldaDemo\include\glm\gtx\compatibility.hpp", "C++", 96, 0, 0, 0, 0, 0, 0, 0, 0, 15, 21, 132
"d:\Learning\CG\project\ZeldaDemo\include\glm\gtx\compatibility.inl", "C++", 55, 0, 0, 0, 0, 0, 0, 0, 0, 1, 7, 63
"d:\Learning\CG\project\ZeldaDemo\include\glm\gtx\component_wise.hpp", "C++", 28, 0, 0, 0, 0, 0, 0, 0, 0, 35, 15, 78
"d:\Learning\CG\project\ZeldaDemo\include\glm\gtx\component_wise.inl", "C++", 127, 0, 0, 0, 0, 0, 0, 0, 0, 1, 20, 148
"d:\Learning\CG\project\ZeldaDemo\include\glm\gtx\dual_quaternion.hpp", "C++", 119, 0, 0, 0, 0, 0, 0, 0, 0, 89, 65, 273
"d:\Learning\CG\project\ZeldaDemo\include\glm\gtx\dual_quaternion.inl", "C++", 286, 0, 0, 0, 0, 0, 0, 0, 0, 12, 55, 353
"d:\Learning\CG\project\ZeldaDemo\include\glm\gtx\easing.hpp", "C++", 80, 0, 0, 0, 0, 0, 0, 0, 0, 97, 41, 218
"d:\Learning\CG\project\ZeldaDemo\include\glm\gtx\easing.inl", "C++", 334, 0, 0, 0, 0, 0, 0, 0, 0, 32, 71, 437
"d:\Learning\CG\project\ZeldaDemo\include\glm\gtx\euler_angles.hpp", "C++", 186, 0, 0, 0, 0, 0, 0, 0, 0, 100, 48, 334
"d:\Learning\CG\project\ZeldaDemo\include\glm\gtx\euler_angles.inl", "C++", 834, 0, 0, 0, 0, 0, 0, 0, 0, 1, 65, 900
"d:\Learning\CG\project\ZeldaDemo\include\glm\gtx\extend.hpp", "C++", 16, 0, 0, 0, 0, 0, 0, 0, 0, 17, 8, 41
"d:\Learning\CG\project\ZeldaDemo\include\glm\gtx\extend.inl", "C++", 43, 0, 0, 0, 0, 0, 0, 0, 0, 1, 5, 49
"d:\Learning\CG\project\ZeldaDemo\include\glm\gtx\extended_min_max.hpp", "C++", 78, 0, 0, 0, 0, 0, 0, 0, 0, 39, 19, 136
"d:\Learning\CG\project\ZeldaDemo\include\glm\gtx\extended_min_max.inl", "C++", 125, 0, 0, 0, 0, 0, 0, 0, 0, 1, 13, 139
"d:\Learning\CG\project\ZeldaDemo\include\glm\gtx\exterior_product.hpp", "C++", 14, 0, 0, 0, 0, 0, 0, 0, 0, 22, 8, 44
"d:\Learning\CG\project\ZeldaDemo\include\glm\gtx\exterior_product.inl", "C++", 20, 0, 0, 0, 0, 0, 0, 0, 0, 1, 6, 27
"d:\Learning\CG\project\ZeldaDemo\include\glm\gtx\fast_exponential.hpp", "C++", 35, 0, 0, 0, 0, 0, 0, 0, 0, 40, 19, 94
"d:\Learning\CG\project\ZeldaDemo\include\glm\gtx\fast_exponential.inl", "C++", 73, 0, 0, 0, 0, 0, 0, 0, 0, 50, 14, 137
"d:\Learning\CG\project\ZeldaDemo\include\glm\gtx\fast_square_root.hpp", "C++", 33, 0, 0, 0, 0, 0, 0, 0, 0, 47, 17, 97
"d:\Learning\CG\project\ZeldaDemo\include\glm\gtx\fast_square_root.inl", "C++", 56, 0, 0, 0, 0, 0, 0, 0, 0, 6, 14, 76
"d:\Learning\CG\project\ZeldaDemo\include\glm\gtx\fast_trigonometry.hpp", "C++", 27, 0, 0, 0, 0, 0, 0, 0, 0, 36, 15, 78
"d:\Learning\CG\project\ZeldaDemo\include\glm\gtx\fast_trigonometry.inl", "C++", 113, 0, 0, 0, 0, 0, 0, 0, 0, 8, 22, 143
"d:\Learning\CG\project\ZeldaDemo\include\glm\gtx\float_notmalize.inl", "C++", 9, 0, 0, 0, 0, 0, 0, 0, 0, 1, 4, 14
"d:\Learning\CG\project\ZeldaDemo\include\glm\gtx\functions.hpp", "C++", 23, 0, 0, 0, 0, 0, 0, 0, 0, 22, 10, 55
"d:\Learning\CG\project\ZeldaDemo\include\glm\gtx\functions.inl", "C++", 25, 0, 0, 0, 0, 0, 0, 0, 0, 1, 5, 31
"d:\Learning\CG\project\ZeldaDemo\include\glm\gtx\gradient_paint.hpp", "C++", 23, 0, 0, 0, 0, 0, 0, 0, 0, 20, 9, 52
"d:\Learning\CG\project\ZeldaDemo\include\glm\gtx\gradient_paint.inl", "C++", 32, 0, 0, 0, 0, 0, 0, 0, 0, 1, 4, 37
"d:\Learning\CG\project\ZeldaDemo\include\glm\gtx\handed_coordinate_space.hpp", "C++", 21, 0, 0, 0, 0, 0, 0, 0, 0, 19, 9, 49
"d:\Learning\CG\project\ZeldaDemo\include\glm\gtx\handed_coordinate_space.inl", "C++", 23, 0, 0, 0, 0, 0, 0, 0, 0, 1, 3, 27
"d:\Learning\CG\project\ZeldaDemo\include\glm\gtx\hash.hpp", "C++", 109, 0, 0, 0, 0, 0, 0, 0, 0, 11, 27, 147
"d:\Learning\CG\project\ZeldaDemo\include\glm\gtx\hash.inl", "C++", 158, 0, 0, 0, 0, 0, 0, 0, 0, 1, 17, 176
"d:\Learning\CG\project\ZeldaDemo\include\glm\gtx\integer.hpp", "C++", 23, 0, 0, 0, 0, 0, 0, 0, 0, 35, 17, 75
"d:\Learning\CG\project\ZeldaDemo\include\glm\gtx\integer.inl", "C++", 105, 0, 0, 0, 0, 0, 0, 0, 0, 59, 22, 186
"d:\Learning\CG\project\ZeldaDemo\include\glm\gtx\intersect.hpp", "C++", 47, 0, 0, 0, 0, 0, 0, 0, 0, 31, 13, 91
"d:\Learning\CG\project\ZeldaDemo\include\glm\gtx\intersect.inl", "C++", 156, 0, 0, 0, 0, 0, 0, 0, 0, 13, 32, 201
"d:\Learning\CG\project\ZeldaDemo\include\glm\gtx\io.hpp", "C++", 145, 0, 0, 0, 0, 0, 0, 0, 0, 23, 43, 211
"d:\Learning\CG\project\ZeldaDemo\include\glm\gtx\io.inl", "C++", 376, 0, 0, 0, 0, 0, 0, 0, 0, 2, 75, 453
"d:\Learning\CG\project\ZeldaDemo\include\glm\gtx\log_base.hpp", "C++", 19, 0, 0, 0, 0, 0, 0, 0, 0, 19, 9, 47
"d:\Learning\CG\project\ZeldaDemo\include\glm\gtx\log_base.inl", "C++", 13, 0, 0, 0, 0, 0, 0, 0, 0, 1, 3, 17
"d:\Learning\CG\project\ZeldaDemo\include\glm\gtx\matrix_cross_product.hpp", "C++", 17, 0, 0, 0, 0, 0, 0, 0, 0, 20, 9, 46
"d:\Learning\CG\project\ZeldaDemo\include\glm\gtx\matrix_cross_product.inl", "C++", 33, 0, 0, 0, 0, 0, 0, 0, 0, 1, 4, 38
"d:\Learning\CG\project\ZeldaDemo\include\glm\gtx\matrix_decompose.hpp", "C++", 24, 0, 0, 0, 0, 0, 0, 0, 0, 18, 9, 51
"d:\Learning\CG\project\ZeldaDemo\include\glm\gtx\matrix_decompose.inl", "C++", 149, 0, 0, 0, 0, 0, 0, 0, 0, 45, 41, 235
"d:\Learning\CG\project\ZeldaDemo\include\glm\gtx\matrix_factorisation.hpp", "C++", 19, 0, 0, 0, 0, 0, 0, 0, 0, 37, 12, 68
"d:\Learning\CG\project\ZeldaDemo\include\glm\gtx\matrix_factorisation.inl", "C++", 53, 0, 0, 0, 0, 0, 0, 0, 0, 17, 15, 85
"d:\Learning\CG\project\ZeldaDemo\include\glm\gtx\matrix_interpolation.hpp", "C++", 23, 0, 0, 0, 0, 0, 0, 0, 0, 25, 11, 59
"d:\Learning\CG\project\ZeldaDemo\include\glm\gtx\matrix_interpolation.inl", "C++", 134, 0, 0, 0, 0, 0, 0, 0, 0, 1, 12, 147
"d:\Learning\CG\project\ZeldaDemo\include\glm\gtx\matrix_major_storage.hpp", "C++", 59, 0, 0, 0, 0, 0, 0, 0, 0, 40, 19, 118
"d:\Learning\CG\project\ZeldaDemo\include\glm\gtx\matrix_major_storage.inl", "C++", 153, 0, 0, 0, 0, 0, 0, 0, 0, 1, 13, 167
"d:\Learning\CG\project\ZeldaDemo\include\glm\gtx\matrix_operation.hpp", "C++", 44, 0, 0, 0, 0, 0, 0, 0, 0, 39, 19, 102
"d:\Learning\CG\project\ZeldaDemo\include\glm\gtx\matrix_operation.inl", "C++", 156, 0, 0, 0, 0, 0, 0, 0, 0, 1, 20, 177
"d:\Learning\CG\project\ZeldaDemo\include\glm\gtx\matrix_query.hpp", "C++", 29, 0, 0, 0, 0, 0, 0, 0, 0, 32, 15, 76
"d:\Learning\CG\project\ZeldaDemo\include\glm\gtx\matrix_query.inl", "C++", 109, 0, 0, 0, 0, 0, 0, 0, 0, 1, 10, 120
"d:\Learning\CG\project\ZeldaDemo\include\glm\gtx\matrix_transform_2d.hpp", "C++", 32, 0, 0, 0, 0, 0, 0, 0, 0, 36, 12, 80
"d:\Learning\CG\project\ZeldaDemo\include\glm\gtx\matrix_transform_2d.inl", "C++", 56, 0, 0, 0, 0, 0, 0, 0, 0, 2, 11, 69
"d:\Learning\CG\project\ZeldaDemo\include\glm\gtx\mixed_product.hpp", "C++", 16, 0, 0, 0, 0, 0, 0, 0, 0, 16, 8, 40
"d:\Learning\CG\project\ZeldaDemo\include\glm\gtx\mixed_product.inl", "C++", 13, 0, 0, 0, 0, 0, 0, 0, 0, 1, 2, 16
"d:\Learning\CG\project\ZeldaDemo\include\glm\gtx\norm.hpp", "C++", 33, 0, 0, 0, 0, 0, 0, 0, 0, 37, 17, 87
"d:\Learning\CG\project\ZeldaDemo\include\glm\gtx\norm.inl", "C++", 79, 0, 0, 0, 0, 0, 0, 0, 0, 1, 16, 96
"d:\Learning\CG\project\ZeldaDemo\include\glm\gtx\normal.hpp", "C++", 13, 0, 0, 0, 0, 0, 0, 0, 0, 19, 8, 40
"d:\Learning\CG\project\ZeldaDemo\include\glm\gtx\normal.inl", "C++", 13, 0, 0, 0, 0, 0, 0, 0, 0, 1, 2, 16
"d:\Learning\CG\project\ZeldaDemo\include\glm\gtx\normalize_dot.hpp", "C++", 15, 0, 0, 0, 0, 0, 0, 0, 0, 24, 9, 48
"d:\Learning\CG\project\ZeldaDemo\include\glm\gtx\normalize_dot.inl", "C++", 13, 0, 0, 0, 0, 0, 0, 0, 0, 1, 3, 17
"d:\Learning\CG\project\ZeldaDemo\include\glm\gtx\number_precision.hpp", "C++", 14, 0, 0, 0, 0, 0, 0, 0, 0, 21, 10, 45
"d:\Learning\CG\project\ZeldaDemo\include\glm\gtx\optimum_pow.hpp", "C++", 17, 0, 0, 0, 0, 0, 0, 0, 0, 24, 10, 51
"d:\Learning\CG\project\ZeldaDemo\include\glm\gtx\optimum_pow.inl", "C++", 18, 0, 0, 0, 0, 0, 0, 0, 0, 1, 4, 23
"d:\Learning\CG\project\ZeldaDemo\include\glm\gtx\orthonormalize.hpp", "C++", 17, 0, 0, 0, 0, 0, 0, 0, 0, 22, 9, 48
"d:\Learning\CG\project\ZeldaDemo\include\glm\gtx\orthonormalize.inl", "C++", 22, 0, 0, 0, 0, 0, 0, 0, 0, 1, 7, 30
"d:\Learning\CG\project\ZeldaDemo\include\glm\gtx\pca.hpp", "C++", 32, 0, 0, 0, 0, 0, 0, 0, 0, 66, 15, 113
"d:\Learning\CG\project\ZeldaDemo\include\glm\gtx\pca.inl", "C++", 307, 0, 0, 0, 0, 0, 0, 0, 0, 4, 33, 344
"d:\Learning\CG\project\ZeldaDemo\include\glm\gtx\perpendicular.hpp", "C++", 14, 0, 0, 0, 0, 0, 0, 0, 0, 18, 8, 40
"d:\Learning\CG\project\ZeldaDemo\include\glm\gtx\perpendicular.inl", "C++", 8, 0, 0, 0, 0, 0, 0, 0, 0, 1, 2, 11
"d:\Learning\CG\project\ZeldaDemo\include\glm\gtx\polar_coordinates.hpp", "C++", 17, 0, 0, 0, 0, 0, 0, 0, 0, 21, 9, 47
"d:\Learning\CG\project\ZeldaDemo\include\glm\gtx\polar_coordinates.inl", "C++", 30, 0, 0, 0, 0, 0, 0, 0, 0, 1, 6, 37
"d:\Learning\CG\project\ZeldaDemo\include\glm\gtx\projection.hpp", "C++", 13, 0, 0, 0, 0, 0, 0, 0, 0, 21, 8, 42
"d:\Learning\CG\project\ZeldaDemo\include\glm\gtx\projection.inl", "C++", 8, 0, 0, 0, 0, 0, 0, 0, 0, 1, 2, 11
"d:\Learning\CG\project\ZeldaDemo\include\glm\gtx\quaternion.hpp", "C++", 76, 0, 0, 0, 0, 0, 0, 0, 0, 73, 24, 173
"d:\Learning\CG\project\ZeldaDemo\include\glm\gtx\quaternion.inl", "C++", 128, 0, 0, 0, 0, 0, 0, 0, 0, 9, 23, 160
"d:\Learning\CG\project\ZeldaDemo\include\glm\gtx\range.hpp", "C++", 64, 0, 0, 0, 0, 0, 0, 0, 0, 15, 18, 97
"d:\Learning\CG\project\ZeldaDemo\include\glm\gtx\raw_data.hpp", "C++", 16, 0, 0, 0, 0, 0, 0, 0, 0, 23, 11, 50
"d:\Learning\CG\project\ZeldaDemo\include\glm\gtx\raw_data.inl", "C++", 0, 0, 0, 0, 0, 0, 0, 0, 0, 1, 2, 3
"d:\Learning\CG\project\ZeldaDemo\include\glm\gtx\rotate_normalized_axis.hpp", "C++", 23, 0, 0, 0, 0, 0, 0, 0, 0, 35, 9, 67
"d:\Learning\CG\project\ZeldaDemo\include\glm\gtx\rotate_normalized_axis.inl", "C++", 46, 0, 0, 0, 0, 0, 0, 0, 0, 2, 11, 59
"d:\Learning\CG\project\ZeldaDemo\include\glm\gtx\rotate_vector.hpp", "C++", 61, 0, 0, 0, 0, 0, 0, 0, 0, 43, 18, 122
"d:\Learning\CG\project\ZeldaDemo\include\glm\gtx\rotate_vector.inl", "C++", 149, 0, 0, 0, 0, 0, 0, 0, 0, 18, 21, 188
"d:\Learning\CG\project\ZeldaDemo\include\glm\gtx\scalar_multiplication.hpp", "C++", 51, 0, 0, 0, 0, 0, 0, 0, 0, 19, 11, 81
"d:\Learning\CG\project\ZeldaDemo\include\glm\gtx\scalar_relational.hpp", "C++", 11, 0, 0, 0, 0, 0, 0, 0, 0, 15, 9, 35
"d:\Learning\CG\project\ZeldaDemo\include\glm\gtx\scalar_relational.inl", "C++", 78, 0, 0, 0, 0, 0, 0, 0, 0, 1, 10, 89
"d:\Learning\CG\project\ZeldaDemo\include\glm\gtx\spline.hpp", "C++", 33, 0, 0, 0, 0, 0, 0, 0, 0, 21, 10, 64
"d:\Learning\CG\project\ZeldaDemo\include\glm\gtx\spline.inl", "C++", 51, 0, 0, 0, 0, 0, 0, 0, 0, 1, 9, 61
"d:\Learning\CG\project\ZeldaDemo\include\glm\gtx\std_based_type.hpp", "C++", 20, 0, 0, 0, 0, 0, 0, 0, 0, 32, 15, 67
"d:\Learning\CG\project\ZeldaDemo\include\glm\gtx\std_based_type.inl", "C++", 3, 0, 0, 0, 0, 0, 0, 0, 0, 1, 3, 7
"d:\Learning\CG\project\ZeldaDemo\include\glm\gtx\string_cast.hpp", "C++", 19, 0, 0, 0, 0, 0, 0, 0, 0, 19, 8, 46
"d:\Learning\CG\project\ZeldaDemo\include\glm\gtx\string_cast.inl", "C++", 429, 0, 0, 0, 0, 0, 0, 0, 0, 1, 68, 498
"d:\Learning\CG\project\ZeldaDemo\include\glm\gtx\texture.hpp", "C++", 15, 0, 0, 0, 0, 0, 0, 0, 0, 21, 9, 45
"d:\Learning\CG\project\ZeldaDemo\include\glm\gtx\texture.inl", "C++", 13, 0, 0, 0, 0, 0, 0, 0, 0, 1, 4, 18
"d:\Learning\CG\project\ZeldaDemo\include\glm\gtx\transform.hpp", "C++", 22, 0, 0, 0, 0, 0, 0, 0, 0, 27, 10, 59
"d:\Learning\CG\project\ZeldaDemo\include\glm\gtx\transform.inl", "C++", 18, 0, 0, 0, 0, 0, 0, 0, 0, 1, 5, 24
"d:\Learning\CG\project\ZeldaDemo\include\glm\gtx\transform2.hpp", "C++", 30, 0, 0, 0, 0, 0, 0, 0, 0, 40, 18, 88
"d:\Learning\CG\project\ZeldaDemo\include\glm\gtx\transform2.inl", "C++", 110, 0, 0, 0, 0, 0, 0, 0, 0, 1, 15, 126
"d:\Learning\CG\project\ZeldaDemo\include\glm\gtx\type_aligned.hpp", "C++", 229, 0, 0, 0, 0, 0, 0, 0, 0, 468, 284, 981
"d:\Learning\CG\project\ZeldaDemo\include\glm\gtx\type_aligned.inl", "C++", 3, 0, 0, 0, 0, 0, 0, 0, 0, 1, 3, 7
"d:\Learning\CG\project\ZeldaDemo\include\glm\gtx\type_trait.hpp", "C++", 57, 0, 0, 0, 0, 0, 0, 0, 0, 15, 12, 84
"d:\Learning\CG\project\ZeldaDemo\include\glm\gtx\type_trait.inl", "C++", 51, 0, 0, 0, 0, 0, 0, 0, 0, 5, 6, 62
"d:\Learning\CG\project\ZeldaDemo\include\glm\gtx\vec_swizzle.hpp", "C++", 1945, 0, 0, 0, 0, 0, 0, 0, 0, 350, 490, 2785
"d:\Learning\CG\project\ZeldaDemo\include\glm\gtx\vector_angle.hpp", "C++", 20, 0, 0, 0, 0, 0, 0, 0, 0, 26, 10, 56
"d:\Learning\CG\project\ZeldaDemo\include\glm\gtx\vector_angle.inl", "C++", 37, 0, 0, 0, 0, 0, 0, 0, 0, 1, 8, 46
"d:\Learning\CG\project\ZeldaDemo\include\glm\gtx\vector_query.hpp", "C++", 25, 0, 0, 0, 0, 0, 0, 0, 0, 27, 13, 65
"d:\Learning\CG\project\ZeldaDemo\include\glm\gtx\vector_query.inl", "C++", 128, 0, 0, 0, 0, 0, 0, 0, 0, 1, 26, 155
"d:\Learning\CG\project\ZeldaDemo\include\glm\gtx\wrap.hpp", "C++", 14, 0, 0, 0, 0, 0, 0, 0, 0, 15, 7, 36
"d:\Learning\CG\project\ZeldaDemo\include\glm\gtx\wrap.inl", "C++", 3, 0, 0, 0, 0, 0, 0, 0, 0, 1, 3, 7
"d:\Learning\CG\project\ZeldaDemo\include\glm\integer.hpp", "C++", 55, 0, 0, 0, 0, 0, 0, 0, 0, 139, 19, 213
"d:\Learning\CG\project\ZeldaDemo\include\glm\mat2x2.hpp", "C++", 5, 0, 0, 0, 0, 0, 0, 0, 0, 2, 3, 10
"d:\Learning\CG\project\ZeldaDemo\include\glm\mat2x3.hpp", "C++", 5, 0, 0, 0, 0, 0, 0, 0, 0, 2, 3, 10
"d:\Learning\CG\project\ZeldaDemo\include\glm\mat2x4.hpp", "C++", 5, 0, 0, 0, 0, 0, 0, 0, 0, 2, 3, 10
"d:\Learning\CG\project\ZeldaDemo\include\glm\mat3x2.hpp", "C++", 5, 0, 0, 0, 0, 0, 0, 0, 0, 2, 3, 10
"d:\Learning\CG\project\ZeldaDemo\include\glm\mat3x3.hpp", "C++", 5, 0, 0, 0, 0, 0, 0, 0, 0, 2, 2, 9
"d:\Learning\CG\project\ZeldaDemo\include\glm\mat3x4.hpp", "C++", 5, 0, 0, 0, 0, 0, 0, 0, 0, 2, 2, 9
"d:\Learning\CG\project\ZeldaDemo\include\glm\mat4x2.hpp", "C++", 5, 0, 0, 0, 0, 0, 0, 0, 0, 2, 3, 10
"d:\Learning\CG\project\ZeldaDemo\include\glm\mat4x3.hpp", "C++", 5, 0, 0, 0, 0, 0, 0, 0, 0, 2, 2, 9
"d:\Learning\CG\project\ZeldaDemo\include\glm\mat4x4.hpp", "C++", 5, 0, 0, 0, 0, 0, 0, 0, 0, 2, 3, 10
"d:\Learning\CG\project\ZeldaDemo\include\glm\matrix.hpp", "C++", 78, 0, 0, 0, 0, 0, 0, 0, 0, 63, 21, 162
"d:\Learning\CG\project\ZeldaDemo\include\glm\packing.hpp", "C++", 20, 0, 0, 0, 0, 0, 0, 0, 0, 136, 18, 174
"d:\Learning\CG\project\ZeldaDemo\include\glm\simd\common.h", "C++", 197, 0, 0, 0, 0, 0, 0, 0, 0, 11, 33, 241
"d:\Learning\CG\project\ZeldaDemo\include\glm\simd\exponential.h", "C++", 12, 0, 0, 0, 0, 0, 0, 0, 0, 2, 7, 21
"d:\Learning\CG\project\ZeldaDemo\include\glm\simd\geometric.h", "C++", 105, 0, 0, 0, 0, 0, 0, 0, 0, 7, 19, 131
"d:\Learning\CG\project\ZeldaDemo\include\glm\simd\integer.h", "C++", 63, 0, 0, 0, 0, 0, 0, 0, 0, 29, 24, 116
"d:\Learning\CG\project\ZeldaDemo\include\glm\simd\matrix.h", "C++", 546, 0, 0, 0, 0, 0, 0, 0, 0, 310, 173, 1029
"d:\Learning\CG\project\ZeldaDemo\include\glm\simd\neon.h", "C++", 144, 0, 0, 0, 0, 0, 0, 0, 0, 2, 10, 156
"d:\Learning\CG\project\ZeldaDemo\include\glm\simd\packing.h", "C++", 3, 0, 0, 0, 0, 0, 0, 0, 0, 2, 4, 9
"d:\Learning\CG\project\ZeldaDemo\include\glm\simd\platform.h", "C++", 414, 0, 0, 0, 0, 0, 0, 0, 0, 21, 35, 470
"d:\Learning\CG\project\ZeldaDemo\include\glm\simd\trigonometric.h", "C++", 3, 0, 0, 0, 0, 0, 0, 0, 0, 2, 5, 10
"d:\Learning\CG\project\ZeldaDemo\include\glm\simd\vector_relational.h", "C++", 3, 0, 0, 0, 0, 0, 0, 0, 0, 2, 4, 9
"d:\Learning\CG\project\ZeldaDemo\include\glm\trigonometric.hpp", "C++", 37, 0, 0, 0, 0, 0, 0, 0, 0, 153, 21, 211
"d:\Learning\CG\project\ZeldaDemo\include\glm\vec2.hpp", "C++", 11, 0, 0, 0, 0, 0, 0, 0, 0, 2, 2, 15
"d:\Learning\CG\project\ZeldaDemo\include\glm\vec3.hpp", "C++", 11, 0, 0, 0, 0, 0, 0, 0, 0, 2, 2, 15
"d:\Learning\CG\project\ZeldaDemo\include\glm\vec4.hpp", "C++", 11, 0, 0, 0, 0, 0, 0, 0, 0, 2, 3, 16
"d:\Learning\CG\project\ZeldaDemo\include\glm\vector_relational.hpp", "C++", 25, 0, 0, 0, 0, 0, 0, 0, 0, 82, 15, 122
"d:\Learning\CG\project\ZeldaDemo\include\imgui\docs\BACKENDS.md", "Markdown", 0, 105, 0, 0, 0, 0, 0, 0, 0, 0, 42, 147
"d:\Learning\CG\project\ZeldaDemo\include\imgui\docs\CONTRIBUTING.md", "Markdown", 0, 58, 0, 0, 0, 0, 0, 0, 0, 0, 24, 82
"d:\Learning\CG\project\ZeldaDemo\include\imgui\docs\EXAMPLES.md", "Markdown", 0, 164, 0, 0, 0, 0, 0, 0, 0, 0, 49, 213
"d:\Learning\CG\project\ZeldaDemo\include\imgui\docs\FAQ.md", "Markdown", 0, 551, 0, 0, 0, 0, 0, 0, 0, 0, 158, 709
"d:\Learning\CG\project\ZeldaDemo\include\imgui\docs\FONTS.md", "Markdown", 0, 368, 0, 0, 0, 0, 0, 0, 0, 0, 135, 503
"d:\Learning\CG\project\ZeldaDemo\include\imgui\docs\README.md", "Markdown", 0, 149, 0, 0, 0, 0, 0, 0, 0, 0, 74, 223
"d:\Learning\CG\project\ZeldaDemo\include\imgui\imconfig.h", "C++", 1, 0, 0, 0, 0, 0, 0, 0, 0, 114, 22, 137
"d:\Learning\CG\project\ZeldaDemo\include\imgui\imgui.h", "C++", 2236, 0, 0, 0, 0, 0, 0, 0, 0, 1113, 337, 3686
"d:\Learning\CG\project\ZeldaDemo\include\imgui\imgui_impl_glfw.h", "C++", 26, 0, 0, 0, 0, 0, 0, 0, 0, 26, 12, 64
"d:\Learning\CG\project\ZeldaDemo\include\imgui\imgui_impl_opengl3.h", "C++", 24, 0, 0, 0, 0, 0, 0, 0, 0, 30, 13, 67
"d:\Learning\CG\project\ZeldaDemo\include\imgui\imgui_impl_opengl3_loader.h", "C++", 749, 0, 0, 0, 0, 0, 0, 0, 0, 101, 61, 911
"d:\Learning\CG\project\ZeldaDemo\include\imgui\imgui_internal.h", "C++", 2798, 0, 0, 0, 0, 0, 0, 0, 0, 533, 389, 3720
"d:\Learning\CG\project\ZeldaDemo\include\imgui\imgui_stdlib.h", "C++", 8, 0, 0, 0, 0, 0, 0, 0, 0, 8, 6, 22
"d:\Learning\CG\project\ZeldaDemo\include\imgui\imstb_rectpack.h", "C++", 324, 0, 0, 0, 0, 0, 0, 0, 0, 229, 75, 628
"d:\Learning\CG\project\ZeldaDemo\include\imgui\imstb_textedit.h", "C++", 825, 0, 0, 0, 0, 0, 0, 0, 0, 477, 168, 1470
"d:\Learning\CG\project\ZeldaDemo\include\imgui\imstb_truetype.h", "C++", 3485, 0, 0, 0, 0, 0, 0, 0, 0, 1010, 591, 5086
"d:\Learning\CG\project\ZeldaDemo\include\imgui\misc\cpp\imgui_stdlib.cpp", "C++", 62, 0, 0, 0, 0, 0, 0, 0, 0, 10, 14, 86
"d:\Learning\CG\project\ZeldaDemo\include\imgui\misc\cpp\imgui_stdlib.h", "C++", 8, 0, 0, 0, 0, 0, 0, 0, 0, 8, 6, 22
"d:\Learning\CG\project\ZeldaDemo\include\imgui\misc\fonts\binary_to_compressed_c.cpp", "C++", 283, 0, 0, 0, 0, 0, 0, 0, 0, 43, 63, 389
"d:\Learning\CG\project\ZeldaDemo\include\imgui\misc\freetype\README.md", "Markdown", 0, 29, 0, 0, 0, 0, 0, 0, 0, 0, 16, 45
"d:\Learning\CG\project\ZeldaDemo\include\imgui\misc\freetype\imgui_freetype.cpp", "C++", 670, 0, 0, 0, 0, 0, 0, 0, 0, 157, 125, 952
"d:\Learning\CG\project\ZeldaDemo\include\imgui\misc\freetype\imgui_freetype.h", "C++", 26, 0, 0, 0, 0, 0, 0, 0, 0, 18, 8, 52
"d:\Learning\CG\project\ZeldaDemo\include\imgui\misc\single_file\imgui_single_file.h", "C++", 17, 0, 0, 0, 0, 0, 0, 0, 0, 8, 5, 30
"d:\Learning\CG\project\ZeldaDemo\include\imgui\src\imgui.cpp", "C++", 11750, 0, 0, 0, 0, 0, 0, 0, 0, 3041, 1645, 16436
"d:\Learning\CG\project\ZeldaDemo\include\imgui\src\imgui_demo.cpp", "C++", 8151, 0, 0, 0, 0, 0, 0, 0, 0, 1205, 991, 10347
"d:\Learning\CG\project\ZeldaDemo\include\imgui\src\imgui_draw.cpp", "C++", 3686, 0, 0, 0, 0, 0, 0, 0, 0, 479, 477, 4642
"d:\Learning\CG\project\ZeldaDemo\include\imgui\src\imgui_impl_glfw.cpp", "C++", 681, 0, 0, 0, 0, 0, 0, 0, 0, 154, 90, 925
"d:\Learning\CG\project\ZeldaDemo\include\imgui\src\imgui_impl_opengl3.cpp", "C++", 676, 0, 0, 0, 0, 0, 0, 0, 0, 193, 93, 962
"d:\Learning\CG\project\ZeldaDemo\include\imgui\src\imgui_stdlib.cpp", "C++", 62, 0, 0, 0, 0, 0, 0, 0, 0, 10, 14, 86
"d:\Learning\CG\project\ZeldaDemo\include\imgui\src\imgui_tables.cpp", "C++", 3002, 0, 0, 0, 0, 0, 0, 0, 0, 976, 487, 4465
"d:\Learning\CG\project\ZeldaDemo\include\imgui\src\imgui_widgets.cpp", "C++", 7706, 0, 0, 0, 0, 0, 0, 0, 0, 1387, 1152, 10245
"d:\Learning\CG\project\ZeldaDemo\include\learnopengl\animation.h", "C++", 82, 0, 0, 0, 0, 0, 0, 0, 0, 8, 17, 107
"d:\Learning\CG\project\ZeldaDemo\include\learnopengl\animator.h", "C++", 56, 0, 0, 0, 0, 0, 0, 0, 0, 7, 14, 77
"d:\Learning\CG\project\ZeldaDemo\include\learnopengl\animdata.h", "C++", 7, 0, 0, 0, 0, 0, 0, 0, 0, 2, 4, 13
"d:\Learning\CG\project\ZeldaDemo\include\learnopengl\assimp_glm_helpers.h", "C++", 35, 0, 0, 0, 0, 0, 0, 0, 0, 1, 6, 42
"d:\Learning\CG\project\ZeldaDemo\include\learnopengl\bone.h", "C++", 140, 0, 0, 0, 0, 0, 0, 0, 0, 10, 29, 179
"d:\Learning\CG\project\ZeldaDemo\include\learnopengl\entity.h", "C++", 314, 0, 0, 0, 0, 0, 0, 0, 0, 26, 92, 432
"d:\Learning\CG\project\ZeldaDemo\include\stb\docs\other_libs.md", "Markdown", 0, 1, 0, 0, 0, 0, 0, 0, 0, 0, 0, 1
"d:\Learning\CG\project\ZeldaDemo\include\stb\docs\stb_voxel_render_interview.md", "Markdown", 0, 145, 0, 0, 0, 0, 0, 0, 0, 0, 29, 174
"d:\Learning\CG\project\ZeldaDemo\include\stb\docs\why_public_domain.md", "Markdown", 0, 96, 0, 0, 0, 0, 0, 0, 0, 0, 22, 118
"d:\Learning\CG\project\ZeldaDemo\include\stb\stb_c_lexer.h", "C++", 706, 0, 0, 0, 0, 0, 0, 0, 0, 151, 85, 942
"d:\Learning\CG\project\ZeldaDemo\include\stb\stb_connected_components.h", "C++", 714, 0, 0, 0, 0, 0, 0, 0, 0, 191, 145, 1050
"d:\Learning\CG\project\ZeldaDemo\include\stb\stb_divide.h", "C++", 273, 0, 0, 0, 0, 0, 0, 0, 0, 130, 31, 434
"d:\Learning\CG\project\ZeldaDemo\include\stb\stb_ds.h", "C++", 1163, 0, 0, 0, 0, 0, 0, 0, 0, 548, 185, 1896
"d:\Learning\CG\project\ZeldaDemo\include\stb\stb_dxt.h", "C++", 482, 0, 0, 0, 0, 0, 0, 0, 0, 143, 95, 720
"d:\Learning\CG\project\ZeldaDemo\include\stb\stb_easy_font.h", "C++", 159, 0, 0, 0, 0, 0, 0, 0, 0, 129, 18, 306
"d:\Learning\CG\project\ZeldaDemo\include\stb\stb_herringbone_wang_tile.h", "C++", 762, 0, 0, 0, 0, 0, 0, 0, 0, 331, 129, 1222
"d:\Learning\CG\project\ZeldaDemo\include\stb\stb_hexwave.h", "C++", 301, 0, 0, 0, 0, 0, 0, 0, 0, 320, 60, 681
"d:\Learning\CG\project\ZeldaDemo\include\stb\stb_image.h", "C++", 5833, 0, 0, 0, 0, 0, 0, 0, 0, 1294, 862, 7989
"d:\Learning\CG\project\ZeldaDemo\include\stb\stb_image_resize2.h", "C++", 8217, 0, 0, 0, 0, 0, 0, 0, 0, 970, 1386, 10573
"d:\Learning\CG\project\ZeldaDemo\include\stb\stb_image_write.h", "C++", 1242, 0, 0, 0, 0, 0, 0, 0, 0, 315, 168, 1725
"d:\Learning\CG\project\ZeldaDemo\include\stb\stb_include.h", "C++", 226, 0, 0, 0, 0, 0, 0, 0, 0, 46, 24, 296
"d:\Learning\CG\project\ZeldaDemo\include\stb\stb_leakcheck.h", "C++", 125, 0, 0, 0, 0, 0, 0, 0, 0, 51, 19, 195
"d:\Learning\CG\project\ZeldaDemo\include\stb\stb_perlin.h", "C++", 259, 0, 0, 0, 0, 0, 0, 0, 0, 125, 45, 429
"d:\Learning\CG\project\ZeldaDemo\include\stb\stb_rect_pack.h", "C++", 325, 0, 0, 0, 0, 0, 0, 0, 0, 224, 75, 624
"d:\Learning\CG\project\ZeldaDemo\include\stb\stb_sprintf.h", "C++", 1473, 0, 0, 0, 0, 0, 0, 0, 0, 287, 147, 1907
"d:\Learning\CG\project\ZeldaDemo\include\stb\stb_textedit.h", "C++", 811, 0, 0, 0, 0, 0, 0, 0, 0, 455, 164, 1430
"d:\Learning\CG\project\ZeldaDemo\include\stb\stb_tilemap_editor.h", "C++", 3134, 0, 0, 0, 0, 0, 0, 0, 0, 639, 415, 4188
"d:\Learning\CG\project\ZeldaDemo\include\stb\stb_truetype.h", "C++", 3483, 0, 0, 0, 0, 0, 0, 0, 0, 1007, 590, 5080
"d:\Learning\CG\project\ZeldaDemo\include\stb\stb_vorbis.c", "C", 0, 0, 0, 0, 0, 4046, 0, 0, 0, 913, 626, 5585
"d:\Learning\CG\project\ZeldaDemo\include\stb\stb_voxel_render.h", "C++", 2286, 0, 0, 0, 0, 0, 0, 0, 0, 1132, 390, 3808
"d:\Learning\CG\project\ZeldaDemo\include\stb\tools\README.footer.md", "Markdown", 0, 95, 0, 0, 0, 0, 0, 0, 0, 0, 41, 136
"d:\Learning\CG\project\ZeldaDemo\include\stb\tools\README.header.md", "Markdown", 0, 15, 0, 0, 0, 0, 0, 0, 0, 0, 8, 23
"d:\Learning\CG\project\ZeldaDemo\include\stb\tools\build_matrix.c", "C", 0, 0, 0, 0, 0, 125, 0, 0, 0, 2, 11, 138
"d:\Learning\CG\project\ZeldaDemo\include\stb\tools\easy_font_maker.c", "C", 0, 0, 0, 0, 0, 181, 0, 0, 0, 4, 27, 212
"d:\Learning\CG\project\ZeldaDemo\include\stb\tools\make_readme.c", "C", 0, 0, 0, 0, 0, 58, 0, 0, 0, 0, 8, 66
"d:\Learning\CG\project\ZeldaDemo\include\stb\tools\mr.bat", "Batch", 0, 0, 0, 0, 0, 0, 1, 0, 0, 0, 1, 2
"d:\Learning\CG\project\ZeldaDemo\include\stb\tools\trailing_whitespace.c", "C", 0, 0, 0, 0, 0, 31, 0, 0, 0, 0, 2, 33
"d:\Learning\CG\project\ZeldaDemo\include\stb\tools\unicode.c", "C", 0, 0, 0, 0, 0, 606, 0, 0, 0, 63, 81, 750
"d:\Learning\CG\project\ZeldaDemo\resources\billboard.fs", "F#", 0, 0, 0, 0, 10, 0, 0, 0, 0, 1, 3, 14
"d:\Learning\CG\project\ZeldaDemo\resources\explosion.fs", "F#", 0, 0, 0, 0, 10, 0, 0, 0, 0, 0, 2, 12
"d:\Learning\CG\project\ZeldaDemo\resources\line.fs", "F#", 0, 0, 0, 0, 6, 0, 0, 0, 0, 0, 1, 7
"d:\Learning\CG\project\ZeldaDemo\resources\model.fs", "F#", 0, 0, 0, 0, 16, 0, 0, 0, 0, 1, 3, 20
"d:\Learning\CG\project\ZeldaDemo\resources\model\visualize.cpp", "C++", 195, 0, 0, 0, 0, 0, 0, 0, 0, 38, 36, 269
"d:\Learning\CG\project\ZeldaDemo\resources\player.fs", "F#", 0, 0, 0, 0, 75, 0, 0, 0, 0, 1, 15, 91
"d:\Learning\CG\project\ZeldaDemo\resources\shadow_depth.fs", "F#", 0, 0, 0, 0, 4, 0, 0, 0, 0, 1, 2, 7
"d:\Learning\CG\project\ZeldaDemo\resources\terrain.fs", "F#", 0, 0, 0, 0, 74, 0, 0, 0, 0, 5, 10, 89
"d:\Learning\CG\project\ZeldaDemo\resources\texture.fs", "F#", 0, 0, 0, 0, 7, 0, 0, 0, 0, 0, 3, 10
"d:\Learning\CG\project\ZeldaDemo\resources\vertex_color.fs", "F#", 0, 0, 0, 0, 6, 0, 0, 0, 0, 0, 3, 9
"d:\Learning\CG\project\ZeldaDemo\resources\water.fs", "F#", 0, 0, 0, 0, 86, 0, 0, 0, 0, 12, 17, 115
"d:\Learning\CG\project\ZeldaDemo\src\Camera.cpp", "C++", 110, 0, 0, 0, 0, 0, 0, 0, 0, 20, 22, 152
"d:\Learning\CG\project\ZeldaDemo\src\ExplosionEffect.cpp", "C++", 85, 0, 0, 0, 0, 0, 0, 0, 0, 0, 14, 99
"d:\Learning\CG\project\ZeldaDemo\src\FrameBuffer.cpp", "C++", 112, 0, 0, 0, 0, 0, 0, 0, 0, 3, 7, 122
"d:\Learning\CG\project\ZeldaDemo\src\GameWindow.cpp", "C++", 195, 0, 0, 0, 0, 0, 0, 0, 0, 38, 29, 262
"d:\Learning\CG\project\ZeldaDemo\src\Light.cpp", "C++", 51, 0, 0, 0, 0, 0, 0, 0, 0, 0, 9, 60
"d:\Learning\CG\project\ZeldaDemo\src\Mesh.cpp", "C++", 124, 0, 0, 0, 0, 0, 0, 0, 0, 31, 25, 180
"d:\Learning\CG\project\ZeldaDemo\src\Model.cpp", "C++", 146, 0, 0, 0, 0, 0, 0, 0, 0, 43, 22, 211
"d:\Learning\CG\project\ZeldaDemo\src\MyTexture.cpp", "C++", 138, 0, 0, 0, 0, 0, 0, 0, 0, 20, 21, 179
"d:\Learning\CG\project\ZeldaDemo\src\Objects.cpp", "C++", 27, 0, 0, 0, 0, 0, 0, 0, 0, 0, 2, 29
"d:\Learning\CG\project\ZeldaDemo\src\Player.cpp", "C++", 558, 0, 0, 0, 0, 0, 0, 0, 0, 49, 57, 664
"d:\Learning\CG\project\ZeldaDemo\src\Shader.cpp", "C++", 128, 0, 0, 0, 0, 0, 0, 0, 0, 24, 7, 159
"d:\Learning\CG\project\ZeldaDemo\src\Skybox.cpp", "C++", 42, 0, 0, 0, 0, 0, 0, 0, 0, 3, 4, 49
"d:\Learning\CG\project\ZeldaDemo\src\Terrain.cpp", "C++", 220, 0, 0, 0, 0, 0, 0, 0, 0, 63, 21, 304
"d:\Learning\CG\project\ZeldaDemo\src\Water.cpp", "C++", 119, 0, 0, 0, 0, 0, 0, 0, 0, 15, 20, 154
"d:\Learning\CG\project\ZeldaDemo\src\main.cpp", "C++", 246, 0, 0, 0, 0, 0, 0, 0, 0, 44, 45, 335
"d:\Learning\CG\project\ZeldaDemo\src\stb_image.cpp", "C++", 2, 0, 0, 0, 0, 0, 0, 0, 0, 1, 1, 4
"d:\Learning\CG\project\ZeldaDemo\utils\heightmap_generator\README.md", "Markdown", 0, 2, 0, 0, 0, 0, 0, 0, 0, 0, 0, 2
"d:\Learning\CG\project\ZeldaDemo\utils\heightmap_generator\Run This In Terrain A MainField.bat", "Batch", 0, 0, 0, 0, 0, 0, 7, 0, 0, 0, 0, 7
"d:\Learning\CG\project\ZeldaDemo\utils\heightmap_generator\Run This In Terrain A MainField.sh", "Shell Script", 0, 0, 0, 0, 0, 0, 0, 0, 9, 1, 2, 12
"d:\Learning\CG\project\ZeldaDemo\utils\heightmap_generator\gen_map_gui.py", "Python", 0, 0, 158, 0, 0, 0, 0, 0, 0, 0, 38, 196
"d:\Learning\CG\project\ZeldaDemo\utils\heightmap_generator\generate_map.py", "Python", 0, 0, 66, 0, 0, 0, 0, 0, 0, 8, 19, 93
"d:\Learning\CG\project\ZeldaDemo\utils\model_loader\ase2txt.py", "Python", 0, 0, 40, 0, 0, 0, 0, 0, 0, 1, 7, 48
"d:\Learning\CG\project\ZeldaDemo\utils\model_loader\dds_loader.h", "C++", 306, 0, 0, 0, 0, 0, 0, 0, 0, 31, 89, 426
"d:\Learning\CG\project\ZeldaDemo\utils\model_loader\model_dss.h", "C++", 183, 0, 0, 0, 0, 0, 0, 0, 0, 42, 31, 256
"d:\Learning\CG\project\ZeldaDemo\utils\model_loader\model_fbx.h", "C++", 178, 0, 0, 0, 0, 0, 0, 0, 0, 48, 39, 265
"d:\Learning\CG\project\ZeldaDemo\utils\river_generator\invert_order.py", "Python", 0, 0, 46, 0, 0, 0, 0, 0, 0, 9, 9, 64
"d:\Learning\CG\project\ZeldaDemo\utils\river_generator\process_point.py", "Python", 0, 0, 57, 0, 0, 0, 0, 0, 0, 8, 11, 76
"d:\Learning\CG\project\ZeldaDemo\utils\river_generator\vis_result.py", "Python", 0, 0, 40, 0, 0, 0, 0, 0, 0, 7, 8, 55
"Total", "-", 142614, 1825, 407, 38, 294, 5047, 8, 60, 9, 53420, 28354, 232076